CO_POSICAO;SG_AREA;CO_ITEM;TX_GABARITO;CO_HABILIDADE;IN_ITEM_ABAN;TX_MOTIVO_ABAN;NU_PARAM_A;NU_PARAM_B;NU_PARAM_C;TX_COR;CO_PROVA;TP_LINGUA
46;CH;60181.0;A;;0;;0.70844;-0.23821;0.02167;AZUL;53;0
46;CH;60181.0;A;;0;;0.70844;-0.23821;0.02167;AMARELO;54;0
46;CH;60182.0;A;;0;;1.41931;0.48597;0.30167;BRANCO;55;0
46;CH;60185.0;A;;0;;1.40172;2.50064;0.26532;ROSA;56;0
46;CH;58938.0;B;;0;;2.21264;0.49351;0.16385;AZUL;69;0
46;CH;58938.0;B;;0;;2.21264;0.49351;0.16385;AMARELO;70;0
46;CH;58938.0;B;;0;;2.21264;0.49351;0.16385;BRANCO;71;0
46;CH;58938.0;B;;0;;2.21264;0.49351;0.16385;ROSA;72;0
47;CH;60182.0;A;;0;;1.41931;0.48597;0.30167;AZUL;53;0
47;CH;60182.0;A;;0;;1.41931;0.48597;0.30167;AMARELO;54;0
47;CH;60181.0;A;;0;;0.70844;-0.23821;0.02167;BRANCO;55;0
47;CH;60186.0;A;;0;;0.86791;0.29868;0.00083;ROSA;56;0
47;CH;58251.0;C;;0;;1.17622;0.63214;0.20609;AZUL;69;0
47;CH;58251.0;C;;0;;1.17622;0.63214;0.20609;AMARELO;70;0
47;CH;58251.0;C;;0;;1.17622;0.63214;0.20609;BRANCO;71;0
47;CH;58251.0;C;;0;;1.17622;0.63214;0.20609;ROSA;72;0
48;CH;60183.0;C;;0;;1.76944;1.54032;0.20404;AZUL;53;0
48;CH;60184.0;A;;0;;2.69518;2.55769;0.11948;AMARELO;54;0
48;CH;60183.0;C;;0;;1.76944;1.54032;0.20404;BRANCO;55;0
48;CH;60188.0;E;;0;;1.18998;1.61099;0.09065;ROSA;56;0
48;CH;58068.0;C;;0;;1.22035;-0.26715;0.149;AZUL;69;0
48;CH;58068.0;C;;0;;1.22035;-0.26715;0.149;AMARELO;70;0
48;CH;58068.0;C;;0;;1.22035;-0.26715;0.149;BRANCO;71;0
48;CH;58068.0;C;;0;;1.22035;-0.26715;0.149;ROSA;72;0
49;CH;60184.0;A;;0;;2.69518;2.55769;0.11948;AZUL;53;0
49;CH;60183.0;C;;0;;1.76944;1.54032;0.20404;AMARELO;54;0
49;CH;60184.0;A;;0;;2.69518;2.55769;0.11948;BRANCO;55;0
49;CH;60187.0;A;;0;;1.43883;1.32072;0.10075;ROSA;56;0
49;CH;58534.0;D;;0;;1.24302;0.05463;0.14673;AZUL;69;0
49;CH;58942.0;D;;0;;1.84502;0.34592;0.22276;AMARELO;70;0
49;CH;58534.0;D;;0;;1.24302;0.05463;0.14673;BRANCO;71;0
49;CH;58744.0;C;;0;;1.47937;0.65363;0.14448;ROSA;72;0
50;CH;60185.0;A;;0;;1.40172;2.50064;0.26532;AZUL;53;0
50;CH;60185.0;A;;0;;1.40172;2.50064;0.26532;AMARELO;54;0
50;CH;60186.0;A;;0;;0.86791;0.29868;0.00083;BRANCO;55;0
50;CH;60181.0;A;;0;;0.70844;-0.23821;0.02167;ROSA;56;0
50;CH;58942.0;D;;0;;1.84502;0.34592;0.22276;AZUL;69;0
50;CH;58534.0;D;;0;;1.24302;0.05463;0.14673;AMARELO;70;0
50;CH;58942.0;D;;0;;1.84502;0.34592;0.22276;BRANCO;71;0
50;CH;58942.0;D;;0;;1.84502;0.34592;0.22276;ROSA;72;0
51;CH;60186.0;A;;0;;0.86791;0.29868;0.00083;AZUL;53;0
51;CH;60186.0;A;;0;;0.86791;0.29868;0.00083;AMARELO;54;0
51;CH;60185.0;A;;0;;1.40172;2.50064;0.26532;BRANCO;55;0
51;CH;60182.0;A;;0;;1.41931;0.48597;0.30167;ROSA;56;0
51;CH;58744.0;C;;0;;1.47937;0.65363;0.14448;AZUL;69;0
51;CH;58744.0;C;;0;;1.47937;0.65363;0.14448;AMARELO;70;0
51;CH;58744.0;C;;0;;1.47937;0.65363;0.14448;BRANCO;71;0
51;CH;58534.0;D;;0;;1.24302;0.05463;0.14673;ROSA;72;0
52;CH;60187.0;A;;0;;1.43883;1.32072;0.10075;AZUL;53;0
52;CH;60188.0;E;;0;;1.18998;1.61099;0.09065;AMARELO;54;0
52;CH;60187.0;A;;0;;1.43883;1.32072;0.10075;BRANCO;55;0
52;CH;60184.0;A;;0;;2.69518;2.55769;0.11948;ROSA;56;0
52;CH;59197.0;B;;0;;1.31967;-0.12117;0.20178;AZUL;69;0
52;CH;59197.0;B;;0;;1.31967;-0.12117;0.20178;AMARELO;70;0
52;CH;59197.0;B;;0;;1.31967;-0.12117;0.20178;BRANCO;71;0
52;CH;59197.0;B;;0;;1.31967;-0.12117;0.20178;ROSA;72;0
53;CH;60188.0;E;;0;;1.18998;1.61099;0.09065;AZUL;53;0
53;CH;60187.0;A;;0;;1.43883;1.32072;0.10075;AMARELO;54;0
53;CH;60188.0;E;;0;;1.18998;1.61099;0.09065;BRANCO;55;0
53;CH;60183.0;C;;0;;1.76944;1.54032;0.20404;ROSA;56;0
53;CH;58087.0;E;;0;;2.56547;0.55481;0.2194;AZUL;69;0
53;CH;58245.0;A;;0;;1.51926;0.34501;0.12704;AMARELO;70;0
53;CH;58245.0;A;;0;;1.51926;0.34501;0.12704;BRANCO;71;0
53;CH;58087.0;E;;0;;2.56547;0.55481;0.2194;ROSA;72;0
54;CH;58533.0;E;;0;;0.9813;-0.8845;0.00725;AZUL;53;0
54;CH;58533.0;E;;0;;0.9813;-0.8845;0.00725;AMARELO;54;0
54;CH;58533.0;E;;0;;0.9813;-0.8845;0.00725;BRANCO;55;0
54;CH;58533.0;E;;0;;0.9813;-0.8845;0.00725;ROSA;56;0
54;CH;58245.0;A;;0;;1.51926;0.34501;0.12704;AZUL;69;0
54;CH;58087.0;E;;0;;2.56547;0.55481;0.2194;AMARELO;70;0
54;CH;58087.0;E;;0;;2.56547;0.55481;0.2194;BRANCO;71;0
54;CH;58245.0;A;;0;;1.51926;0.34501;0.12704;ROSA;72;0
55;CH;60189.0;A;;0;;2.29776;1.80107;0.1608;AZUL;53;0
55;CH;60189.0;A;;0;;2.29776;1.80107;0.1608;AMARELO;54;0
55;CH;60189.0;A;;0;;2.29776;1.80107;0.1608;BRANCO;55;0
55;CH;60189.0;A;;0;;2.29776;1.80107;0.1608;ROSA;56;0
55;CH;58527.0;C;;0;;1.21317;1.3403;0.15623;AZUL;69;0
55;CH;58527.0;C;;0;;1.21317;1.3403;0.15623;AMARELO;70;0
55;CH;58530.0;C;;0;;2.10707;0.35351;0.2347;BRANCO;71;0
55;CH;58530.0;C;;0;;2.10707;0.35351;0.2347;ROSA;72;0
56;CH;60190.0;D;;0;;0.7605;2.22704;0.15629;AZUL;53;0
56;CH;60191.0;D;;0;;1.50978;0.81631;0.19238;AMARELO;54;0
56;CH;60190.0;D;;0;;0.7605;2.22704;0.15629;BRANCO;55;0
56;CH;60191.0;D;;0;;1.50978;0.81631;0.19238;ROSA;56;0
56;CH;58530.0;C;;0;;2.10707;0.35351;0.2347;AZUL;69;0
56;CH;58530.0;C;;0;;2.10707;0.35351;0.2347;AMARELO;70;0
56;CH;58527.0;C;;0;;1.21317;1.3403;0.15623;BRANCO;71;0
56;CH;58527.0;C;;0;;1.21317;1.3403;0.15623;ROSA;72;0
57;CH;60191.0;D;;0;;1.50978;0.81631;0.19238;AZUL;53;0
57;CH;60190.0;D;;0;;0.7605;2.22704;0.15629;AMARELO;54;0
57;CH;60191.0;D;;0;;1.50978;0.81631;0.19238;BRANCO;55;0
57;CH;60190.0;D;;0;;0.7605;2.22704;0.15629;ROSA;56;0
57;CH;58759.0;A;;0;;1.60076;0.00932;0.12395;AZUL;69;0
57;CH;58759.0;A;;0;;1.60076;0.00932;0.12395;AMARELO;70;0
57;CH;58759.0;A;;0;;1.60076;0.00932;0.12395;BRANCO;71;0
57;CH;58759.0;A;;0;;1.60076;0.00932;0.12395;ROSA;72;0
58;CH;60192.0;B;;0;;2.92255;2.83048;0.22713;AZUL;53;0
58;CH;60192.0;B;;0;;2.92255;2.83048;0.22713;AMARELO;54;0
58;CH;60193.0;E;;0;;1.47286;0.2724;0.0619;BRANCO;55;0
58;CH;60192.0;B;;0;;2.92255;2.83048;0.22713;ROSA;56;0
58;CH;58760.0;A;;0;;1.31405;0.18227;0.07888;AZUL;69;0
58;CH;58760.0;A;;0;;1.31405;0.18227;0.07888;AMARELO;70;0
58;CH;58760.0;A;;0;;1.31405;0.18227;0.07888;BRANCO;71;0
58;CH;58715.0;E;;0;;2.00853;0.47951;0.30938;ROSA;72;0
59;CH;58536.0;B;;0;;1.20882;0.2252;0.08281;AZUL;53;0
59;CH;58536.0;B;;0;;1.20882;0.2252;0.08281;AMARELO;54;0
59;CH;58536.0;B;;0;;1.20882;0.2252;0.08281;BRANCO;55;0
59;CH;58536.0;B;;0;;1.20882;0.2252;0.08281;ROSA;56;0
59;CH;58100.0;D;;0;;2.51547;0.60177;0.23343;AZUL;69;0
59;CH;58715.0;E;;0;;2.00853;0.47951;0.30938;AMARELO;70;0
59;CH;58715.0;E;;0;;2.00853;0.47951;0.30938;BRANCO;71;0
59;CH;58760.0;A;;0;;1.31405;0.18227;0.07888;ROSA;72;0
60;CH;60193.0;E;;0;;1.47286;0.2724;0.0619;AZUL;53;0
60;CH;60194.0;E;;0;;1.72548;0.15231;0.27776;AMARELO;54;0
60;CH;60192.0;B;;0;;2.92255;2.83048;0.22713;BRANCO;55;0
60;CH;60195.0;D;;0;;2.34454;0.49237;0.12201;ROSA;56;0
60;CH;58715.0;E;;0;;2.00853;0.47951;0.30938;AZUL;69;0
60;CH;58100.0;D;;0;;2.51547;0.60177;0.23343;AMARELO;70;0
60;CH;58100.0;D;;0;;2.51547;0.60177;0.23343;BRANCO;71;0
60;CH;58100.0;D;;0;;2.51547;0.60177;0.23343;ROSA;72;0
61;CH;60194.0;E;;0;;1.72548;0.15231;0.27776;AZUL;53;0
61;CH;60193.0;E;;0;;1.47286;0.2724;0.0619;AMARELO;54;0
61;CH;60194.0;E;;0;;1.72548;0.15231;0.27776;BRANCO;55;0
61;CH;60196.0;E;;0;;1.15755;3.57444;0.30703;ROSA;56;0
61;CH;58273.0;B;;0;;1.50206;1.22002;0.16136;AZUL;69;0
61;CH;58273.0;B;;0;;1.50206;1.22002;0.16136;AMARELO;70;0
61;CH;58273.0;B;;0;;1.50206;1.22002;0.16136;BRANCO;71;0
61;CH;58273.0;B;;0;;1.50206;1.22002;0.16136;ROSA;72;0
62;CH;60195.0;D;;0;;2.34454;0.49237;0.12201;AZUL;53;0
62;CH;60195.0;D;;0;;2.34454;0.49237;0.12201;AMARELO;54;0
62;CH;60196.0;E;;0;;1.15755;3.57444;0.30703;BRANCO;55;0
62;CH;60194.0;E;;0;;1.72548;0.15231;0.27776;ROSA;56;0
62;CH;58276.0;C;;0;;1.75425;1.48017;0.20371;AZUL;69;0
62;CH;58276.0;C;;0;;1.75425;1.48017;0.20371;AMARELO;70;0
62;CH;58276.0;C;;0;;1.75425;1.48017;0.20371;BRANCO;71;0
62;CH;58276.0;C;;0;;1.75425;1.48017;0.20371;ROSA;72;0
63;CH;60196.0;E;;0;;1.15755;3.57444;0.30703;AZUL;53;0
63;CH;60196.0;E;;0;;1.15755;3.57444;0.30703;AMARELO;54;0
63;CH;60195.0;D;;0;;2.34454;0.49237;0.12201;BRANCO;55;0
63;CH;60193.0;E;;0;;1.47286;0.2724;0.0619;ROSA;56;0
63;CH;58542.0;A;;0;;1.42754;1.60842;0.22691;AZUL;69;0
63;CH;58271.0;A;;0;;1.95672;0.25621;0.17348;AMARELO;70;0
63;CH;58542.0;A;;0;;1.42754;1.60842;0.22691;BRANCO;71;0
63;CH;58542.0;B;;0;;1.42754;1.60842;0.22691;ROSA;72;0
64;CH;58083.0;B;;0;;1.53994;0.92357;0.16451;AZUL;53;0
64;CH;58083.0;B;;0;;1.53994;0.92357;0.16451;AMARELO;54;0
64;CH;58083.0;B;;0;;1.53994;0.92357;0.16451;BRANCO;55;0
64;CH;58083.0;B;;0;;1.53994;0.92357;0.16451;ROSA;56;0
64;CH;58271.0;A;;0;;1.95672;0.25621;0.17348;AZUL;69;0
64;CH;58542.0;A;;0;;1.42754;1.60842;0.22691;AMARELO;70;0
64;CH;58271.0;A;;0;;1.95672;0.25621;0.17348;BRANCO;71;0
64;CH;58271.0;A;;0;;1.95672;0.25621;0.17348;ROSA;72;0
65;CH;60197.0;A;;0;;1.34078;1.85222;0.17826;AZUL;53;0
65;CH;60197.0;A;;0;;1.34078;1.85222;0.17826;AMARELO;54;0
65;CH;60198.0;E;;0;;0.61109;1.32871;0.05748;BRANCO;55;0
65;CH;60200.0;C;;0;;2.97342;0.9563;0.20655;ROSA;56;0
65;CH;58284.0;C;;0;;3.44534;0.19578;0.20954;AZUL;69;0
65;CH;58119.0;E;;0;;3.34114;0.19387;0.2074;AMARELO;70;0
65;CH;58119.0;E;;0;;3.34114;0.19387;0.2074;BRANCO;71;0
65;CH;58284.0;C;;0;;3.44534;0.19578;0.20954;ROSA;72;0
66;CH;60198.0;E;;0;;0.61109;1.32871;0.05748;AZUL;53;0
66;CH;60198.0;E;;0;;0.61109;1.32871;0.05748;AMARELO;54;0
66;CH;60197.0;A;;0;;1.34078;1.85222;0.17826;BRANCO;55;0
66;CH;60198.0;E;;0;;0.61109;1.32871;0.05748;ROSA;56;0
66;CH;58119.0;E;;0;;3.34114;0.19387;0.2074;AZUL;69;0
66;CH;58284.0;C;;0;;3.44534;0.19578;0.20954;AMARELO;70;0
66;CH;58284.0;C;;0;;3.44534;0.19578;0.20954;BRANCO;71;0
66;CH;58119.0;E;;0;;3.34114;0.19387;0.2074;ROSA;72;0
67;CH;60199.0;D;;0;;1.22125;4.60999;0.13986;AZUL;53;0
67;CH;60200.0;C;;0;;2.97342;0.9563;0.20655;AMARELO;54;0
67;CH;60199.0;D;;0;;1.22125;4.60999;0.13986;BRANCO;55;0
67;CH;60197.0;A;;0;;1.34078;1.85222;0.17826;ROSA;56;0
67;CH;58246.0;E;;0;;1.51642;0.89389;0.1116;AZUL;69;0
67;CH;58246.0;E;;0;;1.51642;0.89389;0.1116;AMARELO;70;0
67;CH;58246.0;E;;0;;1.51642;0.89389;0.1116;BRANCO;71;0
67;CH;58246.0;E;;0;;1.51642;0.89389;0.1116;ROSA;72;0
68;CH;60200.0;C;;0;;2.97342;0.9563;0.20655;AZUL;53;0
68;CH;60199.0;D;;0;;1.22125;4.60999;0.13986;AMARELO;54;0
68;CH;60200.0;C;;0;;2.97342;0.9563;0.20655;BRANCO;55;0
68;CH;60199.0;D;;0;;1.22125;4.60999;0.13986;ROSA;56;0
68;CH;58061.0;B;;0;;0.70664;1.24735;0.15002;AZUL;69;0
68;CH;58061.0;B;;0;;0.70664;1.24735;0.15002;AMARELO;70;0
68;CH;58061.0;B;;0;;0.70664;1.24735;0.15002;BRANCO;71;0
68;CH;58061.0;B;;0;;0.70664;1.24735;0.15002;ROSA;72;0
69;CH;58520.0;E;;0;;0.86918;1.60413;0.03914;AZUL;53;0
69;CH;58520.0;E;;0;;0.86918;1.60413;0.03914;AMARELO;54;0
69;CH;58520.0;E;;0;;0.86918;1.60413;0.03914;BRANCO;55;0
69;CH;58520.0;E;;0;;0.86918;1.60413;0.03914;ROSA;56;0
69;CH;58970.0;D;;0;;2.175;1.10388;0.1833;AZUL;69;0
69;CH;58970.0;D;;0;;2.175;1.10388;0.1833;AMARELO;70;0
69;CH;58719.0;C;;0;;1.19559;1.44481;0.20943;BRANCO;71;0
69;CH;58893.0;D;;0;;2.49971;1.36519;0.1296;ROSA;72;0
70;CH;60201.0;B;;0;;1.91061;1.51306;0.25011;AZUL;53;0
70;CH;60201.0;B;;0;;1.91061;1.51306;0.25011;AMARELO;54;0
70;CH;60202.0;D;;0;;1.16335;1.6148;0.13595;BRANCO;55;0
70;CH;60201.0;B;;0;;1.91061;1.51306;0.25011;ROSA;56;0
70;CH;58719.0;C;;0;;1.19559;1.44481;0.20943;AZUL;69;0
70;CH;58719.0;C;;0;;1.19559;1.44481;0.20943;AMARELO;70;0
70;CH;58970.0;D;;0;;2.175;1.10388;0.1833;BRANCO;71;0
70;CH;58719.0;C;;0;;1.19559;1.44481;0.20943;ROSA;72;0
71;CH;60202.0;D;;0;;1.16335;1.6148;0.13595;AZUL;53;0
71;CH;60203.0;A;;0;;1.61443;1.05392;0.1859;AMARELO;54;0
71;CH;60201.0;B;;0;;1.91061;1.51306;0.25011;BRANCO;55;0
71;CH;60202.0;D;;0;;1.16335;1.6148;0.13595;ROSA;56;0
71;CH;58893.0;D;;0;;2.49971;1.36519;0.1296;AZUL;69;0
71;CH;58893.0;D;;0;;2.49971;1.36519;0.1296;AMARELO;70;0
71;CH;58893.0;D;;0;;2.49971;1.36519;0.1296;BRANCO;71;0
71;CH;58970.0;D;;0;;2.175;1.10388;0.1833;ROSA;72;0
72;CH;60203.0;A;;0;;1.61443;1.05392;0.1859;AZUL;53;0
72;CH;60202.0;D;;0;;1.16335;1.6148;0.13595;AMARELO;54;0
72;CH;60204.0;D;;0;;2.18094;1.69583;0.20318;BRANCO;55;0
72;CH;60203.0;A;;0;;1.61443;1.05392;0.1859;ROSA;56;0
72;CH;57820.0;D;;0;;1.83652;1.5799;0.162;AZUL;69;0
72;CH;57820.0;D;;0;;1.83652;1.5799;0.162;AMARELO;70;0
72;CH;57820.0;D;;0;;1.83652;1.5799;0.162;BRANCO;71;0
72;CH;57820.0;D;;0;;1.83652;1.5799;0.162;ROSA;72;0
73;CH;60204.0;D;;0;;2.18094;1.69583;0.20318;AZUL;53;0
73;CH;60204.0;D;;0;;2.18094;1.69583;0.20318;AMARELO;54;0
73;CH;60203.0;A;;0;;1.61443;1.05392;0.1859;BRANCO;55;0
73;CH;60204.0;D;;0;;2.18094;1.69583;0.20318;ROSA;56;0
73;CH;58717.0;D;;0;;1.30538;1.54158;0.14049;AZUL;69;0
73;CH;58717.0;D;;0;;1.30538;1.54158;0.14049;AMARELO;70;0
73;CH;58717.0;D;;0;;1.30538;1.54158;0.14049;BRANCO;71;0
73;CH;58717.0;D;;0;;1.30538;1.54158;0.14049;ROSA;72;0
74;CH;58114.0;C;;0;;1.31028;0.64712;0.19019;AZUL;53;0
74;CH;58114.0;C;;0;;1.31028;0.64712;0.19019;AMARELO;54;0
74;CH;58114.0;C;;0;;1.31028;0.64712;0.19019;BRANCO;55;0
74;CH;58114.0;C;;0;;1.31028;0.64712;0.19019;ROSA;56;0
74;CH;57767.0;C;;0;;2.10289;0.92426;0.21213;AZUL;69;0
74;CH;58935.0;B;;0;;1.12725;0.85157;0.17454;AMARELO;70;0
74;CH;58935.0;B;;0;;1.12725;0.85157;0.17454;BRANCO;71;0
74;CH;57767.0;C;;0;;2.10289;0.92426;0.21213;ROSA;72;0
75;CH;60205.0;C;;0;;2.07392;0.78247;0.15327;AZUL;53;0
75;CH;60205.0;C;;0;;2.07392;0.78247;0.15327;AMARELO;54;0
75;CH;60205.0;C;;0;;2.07392;0.78247;0.15327;BRANCO;55;0
75;CH;60205.0;C;;0;;2.07392;0.78247;0.15327;ROSA;56;0
75;CH;58935.0;B;;0;;1.12725;0.85157;0.17454;AZUL;69;0
75;CH;57767.0;C;;0;;2.10289;0.92426;0.21213;AMARELO;70;0
75;CH;57767.0;C;;0;;2.10289;0.92426;0.21213;BRANCO;71;0
75;CH;58935.0;B;;0;;1.12725;0.85157;0.17454;ROSA;72;0
76;CH;60206.0;C;;0;;2.37045;1.38095;0.15167;AZUL;53;0
76;CH;60206.0;C;;0;;2.37045;1.38095;0.15167;AMARELO;54;0
76;CH;60206.0;C;;0;;2.37045;1.38095;0.15167;BRANCO;55;0
76;CH;60206.0;C;;0;;2.37045;1.38095;0.15167;ROSA;56;0
76;CH;58109.0;D;;0;;1.30149;0.90306;0.14871;AZUL;69;0
76;CH;58109.0;D;;0;;1.30149;0.90306;0.14871;AMARELO;70;0
76;CH;58109.0;D;;0;;1.30149;0.90306;0.14871;BRANCO;71;0
76;CH;58109.0;D;;0;;1.30149;0.90306;0.14871;ROSA;72;0
77;CH;60207.0;B;;0;;1.30178;1.74245;0.15235;AZUL;53;0
77;CH;60207.0;B;;0;;1.30178;1.74245;0.15235;AMARELO;54;0
77;CH;60207.0;B;;0;;1.30178;1.74245;0.15235;BRANCO;55;0
77;CH;60207.0;B;;0;;1.30178;1.74245;0.15235;ROSA;56;0
77;CH;58902.0;E;;0;;2.2234;1.30763;0.10989;AZUL;69;0
77;CH;58902.0;E;;0;;2.2234;1.30763;0.10989;AMARELO;70;0
77;CH;58902.0;E;;0;;2.2234;1.30763;0.10989;BRANCO;71;0
77;CH;58902.0;E;;0;;2.2234;1.30763;0.10989;ROSA;72;0
78;CH;60208.0;A;;0;;2.44222;0.75536;0.19707;AZUL;53;0
78;CH;60208.0;A;;0;;2.44222;0.75536;0.19707;AMARELO;54;0
78;CH;60208.0;A;;0;;2.44222;0.75536;0.19707;BRANCO;55;0
78;CH;60208.0;A;;0;;2.44222;0.75536;0.19707;ROSA;56;0
78;CH;60080.0;D;;0;;1.87162;1.98225;0.17273;AZUL;69;0
78;CH;60080.0;D;;0;;1.87162;1.98225;0.17273;AMARELO;70;0
78;CH;58871.0;A;;0;;2.70795;2.03813;0.18765;BRANCO;71;0
78;CH;58871.0;A;;0;;2.70795;2.03813;0.18765;ROSA;72;0
79;CH;58778.0;D;;0;;1.95882;0.4439;0.24409;AZUL;53;0
79;CH;58778.0;D;;0;;1.95882;0.4439;0.24409;AMARELO;54;0
79;CH;58778.0;D;;0;;1.95882;0.4439;0.24409;BRANCO;55;0
79;CH;58778.0;D;;0;;1.95882;0.4439;0.24409;ROSA;56;0
79;CH;58300.0;D;;0;;1.2184;1.86605;0.12589;AZUL;69;0
79;CH;58871.0;A;;0;;2.70795;2.03813;0.18765;AMARELO;70;0
79;CH;58300.0;D;;0;;1.2184;1.86605;0.12589;BRANCO;71;0
79;CH;58300.0;D;;0;;1.2184;1.86605;0.12589;ROSA;72;0
80;CH;60209.0;B;;0;;1.77759;1.86916;0.20452;AZUL;53;0
80;CH;60209.0;B;;0;;1.77759;1.86916;0.20452;AMARELO;54;0
80;CH;60209.0;B;;0;;1.77759;1.86916;0.20452;BRANCO;55;0
80;CH;60210.0;E;;0;;2.57266;1.03065;0.19557;ROSA;56;0
80;CH;58871.0;A;;0;;2.70795;2.03813;0.18765;AZUL;69;0
80;CH;58300.0;D;;0;;1.2184;1.86605;0.12589;AMARELO;70;0
80;CH;60080.0;D;;0;;1.87162;1.98225;0.17273;BRANCO;71;0
80;CH;60080.0;D;;0;;1.87162;1.98225;0.17273;ROSA;72;0
81;CH;60210.0;E;;0;;2.57266;1.03065;0.19557;AZUL;53;0
81;CH;60211.0;A;;0;;2.29066;1.64824;0.11627;AMARELO;54;0
81;CH;60210.0;E;;0;;2.57266;1.03065;0.19557;BRANCO;55;0
81;CH;60209.0;B;;0;;1.77759;1.86916;0.20452;ROSA;56;0
81;CH;58086.0;A;;0;;2.17144;1.01514;0.15421;AZUL;69;0
81;CH;58086.0;A;;0;;2.17144;1.01514;0.15421;AMARELO;70;0
81;CH;58086.0;A;;0;;2.17144;1.01514;0.15421;BRANCO;71;0
81;CH;58086.0;A;;0;;2.17144;1.01514;0.15421;ROSA;72;0
82;CH;60211.0;A;;0;;2.29066;1.64824;0.11627;AZUL;53;0
82;CH;60210.0;E;;0;;2.57266;1.03065;0.19557;AMARELO;54;0
82;CH;60211.0;A;;0;;2.29066;1.64824;0.11627;BRANCO;55;0
82;CH;60211.0;A;;0;;2.29066;1.64824;0.11627;ROSA;56;0
82;CH;57759.0;D;;0;;2.04623;1.41682;0.13358;AZUL;69;0
82;CH;57759.0;D;;0;;2.04623;1.41682;0.13358;AMARELO;70;0
82;CH;57759.0;D;;0;;2.04623;1.41682;0.13358;BRANCO;71;0
82;CH;57759.0;D;;0;;2.04623;1.41682;0.13358;ROSA;72;0
83;CH;60212.0;E;;0;;1.72838;1.45567;0.17309;AZUL;53;0
83;CH;60212.0;E;;0;;1.72838;1.45567;0.17309;AMARELO;54;0
83;CH;60212.0;E;;0;;1.72838;1.45567;0.17309;BRANCO;55;0
83;CH;60212.0;E;;0;;1.72838;1.45567;0.17309;ROSA;56;0
83;CH;58761.0;C;;0;;1.82041;2.26986;0.20371;AZUL;69;0
83;CH;58876.0;D;;0;;1.67318;3.38972;0.21839;AMARELO;70;0
83;CH;58875.0;E;;0;;3.0483;2.15615;0.12306;BRANCO;71;0
83;CH;58875.0;E;;0;;3.0483;2.15615;0.12306;ROSA;72;0
84;CH;58726.0;C;;0;;2.64231;1.13516;0.19219;AZUL;53;0
84;CH;58726.0;C;;0;;2.64231;1.13516;0.19219;AMARELO;54;0
84;CH;58726.0;C;;0;;2.64231;1.13516;0.19219;BRANCO;55;0
84;CH;58726.0;C;;0;;2.64231;1.13516;0.19219;ROSA;56;0
84;CH;58876.0;D;;0;;1.67318;3.38972;0.21839;AZUL;69;0
84;CH;58761.0;C;;0;;1.82041;2.26986;0.20371;AMARELO;70;0
84;CH;58876.0;D;;0;;1.67318;3.38972;0.21839;BRANCO;71;0
84;CH;58761.0;C;;0;;1.82041;2.26986;0.20371;ROSA;72;0
85;CH;60215.0;D;;0;;2.07233;1.55811;0.13524;AZUL;53;0
85;CH;60217.0;D;;0;;0.78346;0.5514;0.37795;AMARELO;54;0
85;CH;60215.0;D;;0;;2.07233;1.55811;0.13524;BRANCO;55;0
85;CH;60224.0;E;;0;;1.30667;1.60044;0.162;ROSA;56;0
85;CH;58875.0;E;;0;;3.0483;2.15615;0.12306;AZUL;69;0
85;CH;58875.0;E;;0;;3.0483;2.15615;0.12306;AMARELO;70;0
85;CH;58761.0;C;;0;;1.82041;2.26986;0.20371;BRANCO;71;0
85;CH;58876.0;D;;0;;1.67318;3.38972;0.21839;ROSA;72;0
86;CH;60217.0;D;;0;;0.78346;0.5514;0.37795;AZUL;53;0
86;CH;60215.0;D;;0;;2.07233;1.55811;0.13524;AMARELO;54;0
86;CH;60217.0;D;;0;;0.78346;0.5514;0.37795;BRANCO;55;0
86;CH;60223.0;E;;0;;2.29329;2.06699;0.17413;ROSA;56;0
86;CH;58288.0;D;;0;;1.59729;2.46153;0.19037;AZUL;69;0
86;CH;58288.0;D;;0;;1.59729;2.46153;0.19037;AMARELO;70;0
86;CH;58288.0;D;;0;;1.59729;2.46153;0.19037;BRANCO;71;0
86;CH;58288.0;D;;0;;1.59729;2.46153;0.19037;ROSA;72;0
87;CH;60219.0;B;;0;;2.48756;1.71943;0.16899;AZUL;53;0
87;CH;60219.0;B;;0;;2.48756;1.71943;0.16899;AMARELO;54;0
87;CH;60219.0;B;;0;;2.48756;1.71943;0.16899;BRANCO;55;0
87;CH;60225.0;D;;0;;0.78917;1.22871;0.1937;ROSA;56;0
87;CH;57804.0;D;;0;;1.21526;1.90971;0.17363;AZUL;69;0
87;CH;57804.0;D;;0;;1.21526;1.90971;0.17363;AMARELO;70;0
87;CH;57804.0;D;;0;;1.21526;1.90971;0.17363;BRANCO;71;0
87;CH;57804.0;D;;0;;1.21526;1.90971;0.17363;ROSA;72;0
88;CH;60223.0;E;;0;;2.29329;2.06699;0.17413;AZUL;53;0
88;CH;60224.0;E;;0;;1.30667;1.60044;0.162;AMARELO;54;0
88;CH;60225.0;D;;0;;0.78917;1.22871;0.1937;BRANCO;55;0
88;CH;60217.0;D;;0;;0.78346;0.5514;0.37795;ROSA;56;0
88;CH;58531.0;B;;0;;1.6573;1.40928;0.16859;AZUL;69;0
88;CH;58531.0;B;;0;;1.6573;1.40928;0.16859;AMARELO;70;0
88;CH;58531.0;B;;0;;1.6573;1.40928;0.16859;BRANCO;71;0
88;CH;58531.0;B;;0;;1.6573;1.40928;0.16859;ROSA;72;0
89;CH;60224.0;E;;0;;1.30667;1.60044;0.162;AZUL;53;0
89;CH;60223.0;E;;0;;2.29329;2.06699;0.17413;AMARELO;54;0
89;CH;60223.0;E;;0;;2.29329;2.06699;0.17413;BRANCO;55;0
89;CH;60215.0;D;;0;;2.07233;1.55811;0.13524;ROSA;56;0
89;CH;58772.0;E;;0;;1.22521;2.63831;0.17959;AZUL;69;0
89;CH;58896.0;E;;0;;1.406;2.50315;0.18312;AMARELO;70;0
89;CH;58896.0;E;;0;;1.406;2.50315;0.18312;BRANCO;71;0
89;CH;58772.0;E;;0;;1.22521;2.63831;0.17959;ROSA;72;0
90;CH;60225.0;D;;0;;0.78917;1.22871;0.1937;AZUL;53;0
90;CH;60225.0;D;;0;;0.78917;1.22871;0.1937;AMARELO;54;0
90;CH;60224.0;E;;0;;1.30667;1.60044;0.162;BRANCO;55;0
90;CH;60219.0;B;;0;;2.48756;1.71943;0.16899;ROSA;56;0
90;CH;58896.0;E;;0;;1.406;2.50315;0.18312;AZUL;69;0
90;CH;58772.0;E;;0;;1.22521;2.63831;0.17959;AMARELO;70;0
90;CH;58772.0;E;;0;;1.22521;2.63831;0.17959;BRANCO;71;0
90;CH;58896.0;E;;0;;1.406;2.50315;0.18312;ROSA;72;0
1;CN;60083.0;C;;0;;1.38076;-1.70677;0.14199;AZUL;49;0
1;CN;60083.0;C;;0;;1.38076;-1.70677;0.14199;AMARELO;50;0
1;CN;60084.0;D;;0;;2.14163;0.62043;0.09837;BRANCO;51;0
1;CN;60086.0;B;;0;;1.23281;0.115;0.34173;ROSA;52;0
1;CN;57919.0;B;;0;;2.34911;-0.06031;0.15259;AZUL;65;0
1;CN;57919.0;B;;0;;2.34911;-0.06031;0.15259;AMARELO;66;0
1;CN;57919.0;B;;0;;2.34911;-0.06031;0.15259;BRANCO;67;0
1;CN;57919.0;B;;0;;2.34911;-0.06031;0.15259;ROSA;68;0
2;CN;60084.0;D;;0;;2.14163;0.62043;0.09837;AZUL;49;0
2;CN;60085.0;A;;0;;0.92339;2.07704;0.30865;AMARELO;50;0
2;CN;60085.0;A;;0;;0.92339;2.07704;0.30865;BRANCO;51;0
2;CN;60087.0;E;;0;;1.21819;0.21694;0.21795;ROSA;52;0
2;CN;57846.0;C;;0;;2.42112;0.01735;0.24;AZUL;65;0
2;CN;57846.0;C;;0;;2.42112;0.01735;0.24;AMARELO;66;0
2;CN;57846.0;C;;0;;2.42112;0.01735;0.24;BRANCO;67;0
2;CN;57846.0;C;;0;;2.42112;0.01735;0.24;ROSA;68;0
3;CN;60085.0;A;;0;;0.92339;2.07704;0.30865;AZUL;49;0
3;CN;60084.0;D;;0;;2.14163;0.62043;0.09837;AMARELO;50;0
3;CN;60083.0;C;;0;;1.38076;-1.70677;0.14199;BRANCO;51;0
3;CN;60089.0;D;;0;;0.46296;0.73577;0.00215;ROSA;52;0
3;CN;57854.0;E;;0;;2.27869;-0.02063;0.2304;AZUL;65;0
3;CN;57984.0;E;;0;;1.52456;0.18244;0.13761;AMARELO;66;0
3;CN;59243.0;E;;0;;2.65564;0.2716;0.13599;BRANCO;67;0
3;CN;59243.0;E;;0;;2.65564;0.2716;0.13599;ROSA;68;0
4;CN;60086.0;B;;0;;1.23281;0.115;0.34173;AZUL;49;0
4;CN;60086.0;B;;0;;1.23281;0.115;0.34173;AMARELO;50;0
4;CN;60087.0;E;;0;;1.21819;0.21694;0.21795;BRANCO;51;0
4;CN;60088.0;D;;0;;1.32028;0.48599;0.31036;ROSA;52;0
4;CN;57984.0;E;;0;;1.52456;0.18244;0.13761;AZUL;65;0
4;CN;57854.0;E;;0;;2.27869;-0.02063;0.2304;AMARELO;66;0
4;CN;57984.0;E;;0;;1.52456;0.18244;0.13761;BRANCO;67;0
4;CN;57854.0;E;;0;;2.27869;-0.02063;0.2304;ROSA;68;0
5;CN;60087.0;E;;0;;1.21819;0.21694;0.21795;AZUL;49;0
5;CN;60087.0;E;;0;;1.21819;0.21694;0.21795;AMARELO;50;0
5;CN;60086.0;B;;0;;1.23281;0.115;0.34173;BRANCO;51;0
5;CN;60083.0;C;;0;;1.38076;-1.70677;0.14199;ROSA;52;0
5;CN;59243.0;E;;0;;2.65564;0.2716;0.13599;AZUL;65;0
5;CN;59243.0;E;;0;;2.65564;0.2716;0.13599;AMARELO;66;0
5;CN;57854.0;E;;0;;2.27869;-0.02063;0.2304;BRANCO;67;0
5;CN;57984.0;E;;0;;1.52456;0.18244;0.13761;ROSA;68;0
6;CN;60088.0;D;;0;;1.32028;0.48599;0.31036;AZUL;49;0
6;CN;60089.0;D;;0;;0.46296;0.73577;0.00215;AMARELO;50;0
6;CN;60088.0;D;;0;;1.32028;0.48599;0.31036;BRANCO;51;0
6;CN;60085.0;A;;0;;0.92339;2.07704;0.30865;ROSA;52;0
6;CN;57848.0;D;;0;;1.20845;0.2239;0.13554;AZUL;65;0
6;CN;57848.0;D;;0;;1.20845;0.2239;0.13554;AMARELO;66;0
6;CN;57848.0;D;;0;;1.20845;0.2239;0.13554;BRANCO;67;0
6;CN;57848.0;D;;0;;1.20845;0.2239;0.13554;ROSA;68;0
7;CN;60089.0;D;;0;;0.46296;0.73577;0.00215;AZUL;49;0
7;CN;60088.0;D;;0;;1.32028;0.48599;0.31036;AMARELO;50;0
7;CN;60089.0;D;;0;;0.46296;0.73577;0.00215;BRANCO;51;0
7;CN;60084.0;D;;0;;2.14163;0.62043;0.09837;ROSA;52;0
7;CN;57985.0;A;;0;;1.39304;0.43441;0.15555;AZUL;65;0
7;CN;57985.0;A;;0;;1.39304;0.43441;0.15555;AMARELO;66;0
7;CN;57985.0;A;;0;;1.39304;0.43441;0.15555;BRANCO;67;0
7;CN;57985.0;A;;0;;1.39304;0.43441;0.15555;ROSA;68;0
8;CN;60090.0;B;;0;;0.99019;-0.04312;0.04952;AZUL;49;0
8;CN;60090.0;B;;0;;0.99019;-0.04312;0.04952;AMARELO;50;0
8;CN;60092.0;C;;0;;1.53326;0.32209;0.13856;BRANCO;51;0
8;CN;60090.0;B;;0;;0.99019;-0.04312;0.04952;ROSA;52;0
8;CN;57863.0;B;;0;;1.64269;0.30993;0.18258;AZUL;65;0
8;CN;57863.0;B;;0;;1.64269;0.30993;0.18258;AMARELO;66;0
8;CN;57863.0;B;;0;;1.64269;0.30993;0.18258;BRANCO;67;0
8;CN;57863.0;B;;0;;1.64269;0.30993;0.18258;ROSA;68;0
9;CN;59286.0;D;;0;;1.63358;2.09416;0.12732;AZUL;49;0
9;CN;59286.0;D;;0;;1.63358;2.09416;0.12732;AMARELO;50;0
9;CN;59286.0;D;;0;;1.63358;2.09416;0.12732;BRANCO;51;0
9;CN;59286.0;D;;0;;1.63358;2.09416;0.12732;ROSA;52;0
9;CN;59316.0;D;;0;;2.80825;0.50926;0.20163;AZUL;65;0
9;CN;58861.0;D;;0;;1.42367;0.52896;0.12515;AMARELO;66;0
9;CN;57918.0;B;;0;;2.73668;0.52155;0.18763;BRANCO;67;0
9;CN;58861.0;D;;0;;1.42367;0.52896;0.12515;ROSA;68;0
10;CN;60091.0;C;;0;;1.97011;1.35298;0.14727;AZUL;49;0
10;CN;60092.0;C;;0;;1.53326;0.32209;0.13856;AMARELO;50;0
10;CN;60091.0;C;;0;;1.97011;1.35298;0.14727;BRANCO;51;0
10;CN;60091.0;C;;0;;1.97011;1.35298;0.14727;ROSA;52;0
10;CN;57918.0;B;;0;;2.73668;0.52155;0.18763;AZUL;65;0
10;CN;59316.0;D;;0;;2.80825;0.50926;0.20163;AMARELO;66;0
10;CN;58861.0;D;;0;;1.42367;0.52896;0.12515;BRANCO;67;0
10;CN;57918.0;B;;0;;2.73668;0.52155;0.18763;ROSA;68;0
11;CN;60092.0;C;;0;;1.53326;0.32209;0.13856;AZUL;49;0
11;CN;60091.0;C;;0;;1.97011;1.35298;0.14727;AMARELO;50;0
11;CN;60090.0;B;;0;;0.99019;-0.04312;0.04952;BRANCO;51;0
11;CN;60092.0;C;;0;;1.53326;0.32209;0.13856;ROSA;52;0
11;CN;58861.0;D;;0;;1.42367;0.52896;0.12515;AZUL;65;0
11;CN;57918.0;B;;0;;2.73668;0.52155;0.18763;AMARELO;66;0
11;CN;59316.0;D;;0;;2.80825;0.50926;0.20163;BRANCO;67;0
11;CN;59316.0;D;;0;;2.80825;0.50926;0.20163;ROSA;68;0
12;CN;60126.0;A;;0;;1.14174;2.0854;0.11183;AZUL;49;0
12;CN;60126.0;A;;0;;1.14174;2.0854;0.11183;AMARELO;50;0
12;CN;60127.0;D;;0;;1.33828;-0.83038;0.0092;BRANCO;51;0
12;CN;60126.0;A;;0;;1.14174;2.0854;0.11183;ROSA;52;0
12;CN;57981.0;E;;0;;0.97445;0.55223;0.11771;AZUL;65;0
12;CN;57981.0;E;;0;;0.97445;0.55223;0.11771;AMARELO;66;0
12;CN;57981.0;E;;0;;0.97445;0.55223;0.11771;BRANCO;67;0
12;CN;57981.0;E;;0;;0.97445;0.55223;0.11771;ROSA;68;0
13;CN;60127.0;D;;0;;1.33828;-0.83038;0.0092;AZUL;49;0
13;CN;60127.0;D;;0;;1.33828;-0.83038;0.0092;AMARELO;50;0
13;CN;60126.0;A;;0;;1.14174;2.0854;0.11183;BRANCO;51;0
13;CN;60127.0;D;;0;;1.33828;-0.83038;0.0092;ROSA;52;0
13;CN;59234.0;E;;0;;1.38727;0.60885;0.11718;AZUL;65;0
13;CN;59234.0;E;;0;;1.38727;0.60885;0.11718;AMARELO;66;0
13;CN;59234.0;E;;0;;1.38727;0.60885;0.11718;BRANCO;67;0
13;CN;59234.0;E;;0;;1.38727;0.60885;0.11718;ROSA;68;0
14;CN;58443.0;E;;0;;0.78172;-0.79595;0.00663;AZUL;49;0
14;CN;58443.0;E;;0;;0.78172;-0.79595;0.00663;AMARELO;50;0
14;CN;58443.0;E;;0;;0.78172;-0.79595;0.00663;BRANCO;51;0
14;CN;58443.0;E;;0;;0.78172;-0.79595;0.00663;ROSA;52;0
14;CN;57940.0;D;;0;;1.63639;0.72493;0.14124;AZUL;65;0
14;CN;59338.0;A;;0;;1.49675;0.89749;0.21504;AMARELO;66;0
14;CN;59338.0;A;;0;;1.49675;0.89749;0.21504;BRANCO;67;0
14;CN;57940.0;D;;0;;1.63639;0.72493;0.14124;ROSA;68;0
15;CN;60128.0;B;;0;;1.9303;2.32807;0.17045;AZUL;49;0
15;CN;60128.0;B;;0;;1.9303;2.32807;0.17045;AMARELO;50;0
15;CN;60129.0;D;;0;;1.16625;0.4491;0.10048;BRANCO;51;0
15;CN;60129.0;D;;0;;1.16625;0.4491;0.10048;ROSA;52;0
15;CN;59338.0;A;;0;;1.49675;0.89749;0.21504;AZUL;65;0
15;CN;57940.0;D;;0;;1.63639;0.72493;0.14124;AMARELO;66;0
15;CN;57940.0;D;;0;;1.63639;0.72493;0.14124;BRANCO;67;0
15;CN;59338.0;A;;0;;1.49675;0.89749;0.21504;ROSA;68;0
16;CN;60129.0;D;;0;;1.16625;0.4491;0.10048;AZUL;49;0
16;CN;60129.0;D;;0;;1.16625;0.4491;0.10048;AMARELO;50;0
16;CN;60128.0;B;;0;;1.9303;2.32807;0.17045;BRANCO;51;0
16;CN;60128.0;B;;0;;1.9303;2.32807;0.17045;ROSA;52;0
16;CN;59221.0;C;;0;;2.06425;0.8754;0.2128;AZUL;65;0
16;CN;59221.0;C;;0;;2.06425;0.8754;0.2128;AMARELO;66;0
16;CN;59221.0;C;;0;;2.06425;0.8754;0.2128;BRANCO;67;0
16;CN;59221.0;C;;0;;2.06425;0.8754;0.2128;ROSA;68;0
17;CN;60130.0;E;;0;;3.68523;2.43214;0.04399;AZUL;49;0
17;CN;60131.0;E;;0;;0.88832;2.65902;0.3076;AMARELO;50;0
17;CN;60130.0;E;;0;;3.68523;2.43214;0.04399;BRANCO;51;0
17;CN;60130.0;E;;0;;3.68523;2.43214;0.04399;ROSA;52;0
17;CN;57937.0;D;;0;;2.12286;0.92281;0.10043;AZUL;65;0
17;CN;57937.0;D;;0;;2.12286;0.92281;0.10043;AMARELO;66;0
17;CN;57937.0;D;;0;;2.12286;0.92281;0.10043;BRANCO;67;0
17;CN;57937.0;D;;0;;2.12286;0.92281;0.10043;ROSA;68;0
18;CN;60131.0;E;;0;;0.88832;2.65902;0.3076;AZUL;49;0
18;CN;60130.0;E;;0;;3.68523;2.43214;0.04399;AMARELO;50;0
18;CN;60131.0;E;;0;;0.88832;2.65902;0.3076;BRANCO;51;0
18;CN;60131.0;E;;0;;0.88832;2.65902;0.3076;ROSA;52;0
18;CN;59238.0;C;;0;;1.99792;0.97894;0.17101;AZUL;65;0
18;CN;59238.0;C;;0;;1.99792;0.97894;0.17101;AMARELO;66;0
18;CN;57876.0;A;;0;;2.04662;0.97418;0.1045;BRANCO;67;0
18;CN;57876.0;A;;0;;2.04662;0.97418;0.1045;ROSA;68;0
19;CN;59275.0;D;;0;;2.04966;1.09094;0.16162;AZUL;49;0
19;CN;59275.0;D;;0;;2.04966;1.09094;0.16162;AMARELO;50;0
19;CN;59275.0;D;;0;;2.04966;1.09094;0.16162;BRANCO;51;0
19;CN;59275.0;D;;0;;2.04966;1.09094;0.16162;ROSA;52;0
19;CN;57876.0;A;;0;;2.04662;0.97418;0.1045;AZUL;65;0
19;CN;57876.0;A;;0;;2.04662;0.97418;0.1045;AMARELO;66;0
19;CN;59238.0;C;;0;;1.99792;0.97894;0.17101;BRANCO;67;0
19;CN;59238.0;C;;0;;1.99792;0.97894;0.17101;ROSA;68;0
20;CN;60132.0;E;;0;;0.84679;-0.83963;0.00135;AZUL;49;0
20;CN;60132.0;E;;0;;0.84679;-0.83963;0.00135;AMARELO;50;0
20;CN;60133.0;C;;0;;3.08201;1.3096;0.21834;BRANCO;51;0
20;CN;60132.0;E;;0;;0.84679;-0.83963;0.00135;ROSA;52;0
20;CN;58418.0;D;;0;;2.13023;0.85988;0.17556;AZUL;65;0
20;CN;58856.0;C;;0;;1.76668;1.12478;0.06873;AMARELO;66;0
20;CN;58856.0;C;;0;;1.76668;1.12478;0.06873;BRANCO;67;0
20;CN;58418.0;D;;0;;2.13023;0.85988;0.17556;ROSA;68;0
21;CN;60133.0;C;;0;;3.08201;1.3096;0.21834;AZUL;49;0
21;CN;60134.0;D;;0;;1.64897;0.05733;0.10661;AMARELO;50;0
21;CN;60132.0;E;;0;;0.84679;-0.83963;0.00135;BRANCO;51;0
21;CN;60134.0;D;;0;;1.64897;0.05733;0.10661;ROSA;52;0
21;CN;58856.0;C;;0;;1.76668;1.12478;0.06873;AZUL;65;0
21;CN;58418.0;D;;0;;2.13023;0.85988;0.17556;AMARELO;66;0
21;CN;58418.0;D;;0;;2.13023;0.85988;0.17556;BRANCO;67;0
21;CN;58856.0;C;;0;;1.76668;1.12478;0.06873;ROSA;68;0
22;CN;60134.0;D;;0;;1.64897;0.05733;0.10661;AZUL;49;0
22;CN;60133.0;C;;0;;3.08201;1.3096;0.21834;AMARELO;50;0
22;CN;60134.0;D;;0;;1.64897;0.05733;0.10661;BRANCO;51;0
22;CN;60133.0;C;;0;;3.08201;1.3096;0.21834;ROSA;52;0
22;CN;58456.0;B;;0;;2.81132;1.08545;0.15944;AZUL;65;0
22;CN;58456.0;B;;0;;2.81132;1.08545;0.15944;AMARELO;66;0
22;CN;58456.0;B;;0;;2.81132;1.08545;0.15944;BRANCO;67;0
22;CN;58456.0;B;;0;;2.81132;1.08545;0.15944;ROSA;68;0
23;CN;60135.0;E;;0;;1.60996;2.99298;0.27309;AZUL;49;0
23;CN;60135.0;E;;0;;1.60996;2.99298;0.27309;AMARELO;50;0
23;CN;60135.0;E;;0;;1.60996;2.99298;0.27309;BRANCO;51;0
23;CN;60135.0;E;;0;;1.60996;2.99298;0.27309;ROSA;52;0
23;CN;58851.0;D;;0;;2.1441;1.12618;0.1958;AZUL;65;0
23;CN;58851.0;D;;0;;2.1441;1.12618;0.1958;AMARELO;66;0
23;CN;58851.0;D;;0;;2.1441;1.12618;0.1958;BRANCO;67;0
23;CN;58851.0;D;;0;;2.1441;1.12618;0.1958;ROSA;68;0
24;CN;57978.0;A;;0;;2.46597;1.79362;0.14032;AZUL;49;0
24;CN;57978.0;A;;0;;2.46597;1.79362;0.14032;AMARELO;50;0
24;CN;57978.0;A;;0;;2.46597;1.79362;0.14032;BRANCO;51;0
24;CN;57978.0;A;;0;;2.46597;1.79362;0.14032;ROSA;52;0
24;CN;58009.0;B;;0;;1.03245;1.23487;0.12791;AZUL;65;0
24;CN;58009.0;B;;0;;1.03245;1.23487;0.12791;AMARELO;66;0
24;CN;57887.0;C;;0;;1.03878;1.22652;0.15841;BRANCO;67;0
24;CN;59231.0;A;;0;;1.86332;1.14879;0.1245;ROSA;68;0
25;CN;60136.0;B;;0;;2.29092;1.87019;0.18203;AZUL;49;0
25;CN;60138.0;D;;1;Não permitiu a convergência do algoritmo de estimação da TRI;;;;AMARELO;50;0
25;CN;60137.0;D;;0;;2.0613;1.85241;0.15794;BRANCO;51;0
25;CN;60139.0;B;;0;;0.73207;2.33294;0.16515;ROSA;52;0
25;CN;59231.0;A;;0;;1.86332;1.14879;0.1245;AZUL;65;0
25;CN;57887.0;C;;0;;1.03878;1.22652;0.15841;AMARELO;66;0
25;CN;59231.0;A;;0;;1.86332;1.14879;0.1245;BRANCO;67;0
25;CN;57887.0;C;;0;;1.03878;1.22652;0.15841;ROSA;68;0
26;CN;60137.0;D;;0;;2.0613;1.85241;0.15794;AZUL;49;0
26;CN;60136.0;B;;0;;2.29092;1.87019;0.18203;AMARELO;50;0
26;CN;60136.0;B;;0;;2.29092;1.87019;0.18203;BRANCO;51;0
26;CN;60136.0;B;;0;;2.29092;1.87019;0.18203;ROSA;52;0
26;CN;57887.0;C;;0;;1.03878;1.22652;0.15841;AZUL;65;0
26;CN;59231.0;A;;0;;1.86332;1.14879;0.1245;AMARELO;66;0
26;CN;58009.0;B;;0;;1.03245;1.23487;0.12791;BRANCO;67;0
26;CN;58009.0;B;;0;;1.03245;1.23487;0.12791;ROSA;68;0
27;CN;60138.0;D;;1;Não permitiu a convergência do algoritmo de estimação da TRI;;;;AZUL;49;0
27;CN;60137.0;D;;0;;2.0613;1.85241;0.15794;AMARELO;50;0
27;CN;60138.0;D;;1;Não permitiu a convergência do algoritmo de estimação da TRI;;;;BRANCO;51;0
27;CN;60137.0;D;;0;;2.0613;1.85241;0.15794;ROSA;52;0
27;CN;59288.0;B;;0;;1.88362;1.29849;0.14575;AZUL;65;0
27;CN;59288.0;B;;0;;1.88362;1.29849;0.14575;AMARELO;66;0
27;CN;59288.0;B;;0;;1.88362;1.29849;0.14575;BRANCO;67;0
27;CN;59288.0;B;;0;;1.88362;1.29849;0.14575;ROSA;68;0
28;CN;60139.0;B;;0;;0.73207;2.33294;0.16515;AZUL;49;0
28;CN;60139.0;B;;0;;0.73207;2.33294;0.16515;AMARELO;50;0
28;CN;60139.0;B;;0;;0.73207;2.33294;0.16515;BRANCO;51;0
28;CN;60138.0;D;;1;Não permitiu a convergência do algoritmo de estimação da TRI;;;;ROSA;52;0
28;CN;58007.0;A;;0;;1.59435;1.41579;0.12824;AZUL;65;0
28;CN;58380.0;B;;0;;2.75743;1.38316;0.18707;AMARELO;66;0
28;CN;58380.0;B;;0;;2.75743;1.38316;0.18707;BRANCO;67;0
28;CN;58380.0;B;;0;;2.75743;1.38316;0.18707;ROSA;68;0
29;CN;57968.0;D;;0;;2.79346;1.78311;0.2763;AZUL;49;0
29;CN;57968.0;D;;0;;2.79346;1.78311;0.2763;AMARELO;50;0
29;CN;57968.0;D;;0;;2.79346;1.78311;0.2763;BRANCO;51;0
29;CN;57968.0;D;;0;;2.79346;1.78311;0.2763;ROSA;52;0
29;CN;58380.0;B;;0;;2.75743;1.38316;0.18707;AZUL;65;0
29;CN;58007.0;A;;0;;1.59435;1.41579;0.12824;AMARELO;66;0
29;CN;58007.0;A;;0;;1.59435;1.41579;0.12824;BRANCO;67;0
29;CN;58007.0;A;;0;;1.59435;1.41579;0.12824;ROSA;68;0
30;CN;60140.0;D;;0;;3.44212;2.54978;0.14339;AZUL;49;0
30;CN;60142.0;B;;0;;0.82821;1.92002;0.20297;AMARELO;50;0
30;CN;60141.0;E;;1;Não permitiu a convergência do algoritmo de estimação da TRI;;;;BRANCO;51;0
30;CN;60142.0;B;;0;;0.82821;1.92002;0.20297;ROSA;52;0
30;CN;59242.0;C;;0;;1.05636;1.42738;0.12618;AZUL;65;0
30;CN;59318.0;D;;0;;1.34196;1.56386;0.12914;AMARELO;66;0
30;CN;59318.0;D;;0;;1.34196;1.56386;0.12914;BRANCO;67;0
30;CN;59242.0;C;;0;;1.05636;1.42738;0.12618;ROSA;68;0
31;CN;60141.0;E;;1;Não permitiu a convergência do algoritmo de estimação da TRI;;;;AZUL;49;0
31;CN;60140.0;D;;0;;3.44212;2.54978;0.14339;AMARELO;50;0
31;CN;60140.0;D;;0;;3.44212;2.54978;0.14339;BRANCO;51;0
31;CN;60140.0;D;;0;;3.44212;2.54978;0.14339;ROSA;52;0
31;CN;59318.0;D;;0;;1.34196;1.56386;0.12914;AZUL;65;0
31;CN;59242.0;C;;0;;1.05636;1.42738;0.12618;AMARELO;66;0
31;CN;59242.0;C;;0;;1.05636;1.42738;0.12618;BRANCO;67;0
31;CN;59318.0;D;;0;;1.34196;1.56386;0.12914;ROSA;68;0
32;CN;60142.0;B;;0;;0.82821;1.92002;0.20297;AZUL;49;0
32;CN;60141.0;E;;1;Não permitiu a convergência do algoritmo de estimação da TRI;;;;AMARELO;50;0
32;CN;60142.0;B;;0;;0.82821;1.92002;0.20297;BRANCO;51;0
32;CN;60141.0;E;;1;Não permitiu a convergência do algoritmo de estimação da TRI;;;;ROSA;52;0
32;CN;58849.0;D;;0;;2.77832;1.61434;0.18783;AZUL;65;0
32;CN;58849.0;D;;0;;2.77832;1.61434;0.18783;AMARELO;66;0
32;CN;58849.0;D;;0;;2.77832;1.61434;0.18783;BRANCO;67;0
32;CN;58849.0;D;;0;;2.77832;1.61434;0.18783;ROSA;68;0
33;CN;60143.0;C;;0;;2.48605;1.5324;0.14059;AZUL;49;0
33;CN;60143.0;C;;0;;2.48605;1.5324;0.14059;AMARELO;50;0
33;CN;60143.0;C;;0;;2.48605;1.5324;0.14059;BRANCO;51;0
33;CN;60143.0;C;;0;;2.48605;1.5324;0.14059;ROSA;52;0
33;CN;59327.0;B;;0;;1.37478;1.67301;0.20664;AZUL;65;0
33;CN;59327.0;B;;0;;1.37478;1.67301;0.20664;AMARELO;66;0
33;CN;59296.0;E;;0;;1.09269;1.72299;0.1913;BRANCO;67;0
33;CN;59296.0;E;;0;;1.09269;1.72299;0.1913;ROSA;68;0
34;CN;59321.0;C;;0;;0.58875;3.25833;0.11921;AZUL;49;0
34;CN;59321.0;C;;0;;0.58875;3.25833;0.11921;AMARELO;50;0
34;CN;59321.0;C;;0;;0.58875;3.25833;0.11921;BRANCO;51;0
34;CN;59321.0;C;;0;;0.58875;3.25833;0.11921;ROSA;52;0
34;CN;59296.0;E;;0;;1.09269;1.72299;0.1913;AZUL;65;0
34;CN;59296.0;E;;0;;1.09269;1.72299;0.1913;AMARELO;66;0
34;CN;59327.0;B;;0;;1.37478;1.67301;0.20664;BRANCO;67;0
34;CN;59327.0;B;;0;;1.37478;1.67301;0.20664;ROSA;68;0
35;CN;60144.0;A;;0;;4.39929;2.69333;0.1199;AZUL;49;0
35;CN;60144.0;A;;0;;4.39929;2.69333;0.1199;AMARELO;50;0
35;CN;60145.0;E;;0;;1.35503;2.67523;0.15573;BRANCO;51;0
35;CN;60144.0;A;;0;;4.39929;2.69333;0.1199;ROSA;52;0
35;CN;59252.0;B;;0;;1.25757;1.7774;0.13509;AZUL;65;0
35;CN;59249.0;B;;0;;1.10698;1.7492;0.20057;AMARELO;66;0
35;CN;59249.0;B;;0;;1.10698;1.7492;0.20057;BRANCO;67;0
35;CN;59252.0;B;;0;;1.25757;1.7774;0.13509;ROSA;68;0
36;CN;60145.0;E;;0;;1.35503;2.67523;0.15573;AZUL;49;0
36;CN;60145.0;E;;0;;1.35503;2.67523;0.15573;AMARELO;50;0
36;CN;60144.0;A;;0;;4.39929;2.69333;0.1199;BRANCO;51;0
36;CN;60145.0;E;;0;;1.35503;2.67523;0.15573;ROSA;52;0
36;CN;59249.0;B;;0;;1.10698;1.7492;0.20057;AZUL;65;0
36;CN;59252.0;B;;0;;1.25757;1.7774;0.13509;AMARELO;66;0
36;CN;59252.0;B;;0;;1.25757;1.7774;0.13509;BRANCO;67;0
36;CN;59249.0;B;;0;;1.10698;1.7492;0.20057;ROSA;68;0
37;CN;60146.0;D;;0;;1.46331;1.3607;0.13986;AZUL;49;0
37;CN;60146.0;D;;0;;1.46331;1.3607;0.13986;AMARELO;50;0
37;CN;60146.0;D;;0;;1.46331;1.3607;0.13986;BRANCO;51;0
37;CN;60146.0;D;;0;;1.46331;1.3607;0.13986;ROSA;52;0
37;CN;58393.0;D;;0;;1.04029;2.06537;0.11917;AZUL;65;0
37;CN;58393.0;D;;0;;1.04029;2.06537;0.11917;AMARELO;66;0
37;CN;58393.0;D;;0;;1.04029;2.06537;0.11917;BRANCO;67;0
37;CN;58393.0;D;;0;;1.04029;2.06537;0.11917;ROSA;68;0
38;CN;60147.0;D;;0;;1.0294;3.1985;0.15826;AZUL;49;0
38;CN;60147.0;D;;0;;1.0294;3.1985;0.15826;AMARELO;50;0
38;CN;60147.0;D;;0;;1.0294;3.1985;0.15826;BRANCO;51;0
38;CN;59311.0;D;;0;;1.25894;1.13884;0.21397;ROSA;52;0
38;CN;60096.0;A;;1;Não permitiu a convergência do algoritmo de estimação da TRI;;;;AZUL;65;0
38;CN;58004.0;E;;0;;1.29191;2.09072;0.27417;AMARELO;66;0
38;CN;58004.0;E;;0;;1.29191;2.09072;0.27417;BRANCO;67;0
38;CN;60096.0;A;;1;Não permitiu a convergência do algoritmo de estimação da TRI;;;;ROSA;68;0
39;CN;58396.0;B;;0;;1.84597;2.63754;0.2288;AZUL;49;0
39;CN;58396.0;B;;0;;1.84597;2.63754;0.2288;AMARELO;50;0
39;CN;58396.0;B;;0;;1.84597;2.63754;0.2288;BRANCO;51;0
39;CN;58396.0;B;;0;;1.84597;2.63754;0.2288;ROSA;52;0
39;CN;58004.0;E;;0;;1.29191;2.09072;0.27417;AZUL;65;0
39;CN;60096.0;A;;1;Não permitiu a convergência do algoritmo de estimação da TRI;;;;AMARELO;66;0
39;CN;60096.0;A;;1;Não permitiu a convergência do algoritmo de estimação da TRI;;;;BRANCO;67;0
39;CN;58004.0;E;;0;;1.29191;2.09072;0.27417;ROSA;68;0
40;CN;59311.0;D;;0;;1.25894;1.13884;0.21397;AZUL;49;0
40;CN;60148.0;A;;0;;0.88424;3.35507;0.18393;AMARELO;50;0
40;CN;59311.0;D;;0;;1.25894;1.13884;0.21397;BRANCO;51;0
40;CN;60148.0;A;;0;;0.88424;3.35507;0.18393;ROSA;52;0
40;CN;58855.0;C;;0;;2.21662;1.95214;0.19071;AZUL;65;0
40;CN;58855.0;C;;0;;2.21662;1.95214;0.19071;AMARELO;66;0
40;CN;59206.0;E;;0;;0.98065;2.43199;0.1551;BRANCO;67;0
40;CN;59206.0;E;;0;;0.98065;2.43199;0.1551;ROSA;68;0
41;CN;60148.0;A;;0;;0.88424;3.35507;0.18393;AZUL;49;0
41;CN;59311.0;D;;0;;1.25894;1.13884;0.21397;AMARELO;50;0
41;CN;60148.0;A;;0;;0.88424;3.35507;0.18393;BRANCO;51;0
41;CN;60147.0;D;;0;;1.0294;3.1985;0.15826;ROSA;52;0
41;CN;59206.0;E;;0;;0.98065;2.43199;0.1551;AZUL;65;0
41;CN;59206.0;E;;0;;0.98065;2.43199;0.1551;AMARELO;66;0
41;CN;58855.0;C;;0;;2.21662;1.95214;0.19071;BRANCO;67;0
41;CN;58855.0;C;;0;;2.21662;1.95214;0.19071;ROSA;68;0
42;CN;60149.0;E;;0;;1.02809;1.96311;0.14178;AZUL;49;0
42;CN;60149.0;E;;0;;1.02809;1.96311;0.14178;AMARELO;50;0
42;CN;60150.0;A;;0;;1.02838;2.49029;0.16236;BRANCO;51;0
42;CN;60150.0;A;;0;;1.02838;2.49029;0.16236;ROSA;52;0
42;CN;60095.0;C;;1;Não permitiu a convergência do algoritmo de estimação da TRI;;;;AZUL;65;0
42;CN;60095.0;C;;1;Não permitiu a convergência do algoritmo de estimação da TRI;;;;AMARELO;66;0
42;CN;60095.0;C;;1;Não permitiu a convergência do algoritmo de estimação da TRI;;;;BRANCO;67;0
42;CN;60095.0;C;;1;Não permitiu a convergência do algoritmo de estimação da TRI;;;;ROSA;68;0
43;CN;60150.0;A;;0;;1.02838;2.49029;0.16236;AZUL;49;0
43;CN;60150.0;A;;0;;1.02838;2.49029;0.16236;AMARELO;50;0
43;CN;60149.0;E;;0;;1.02809;1.96311;0.14178;BRANCO;51;0
43;CN;60149.0;E;;0;;1.02809;1.96311;0.14178;ROSA;52;0
43;CN;59352.0;D;;0;;1.34076;2.53513;0.28407;AZUL;65;0
43;CN;59352.0;D;;0;;1.34076;2.53513;0.28407;AMARELO;66;0
43;CN;59352.0;D;;0;;1.34076;2.53513;0.28407;BRANCO;67;0
43;CN;59352.0;D;;0;;1.34076;2.53513;0.28407;ROSA;68;0
44;CN;60151.0;D;;0;;3.87444;2.43913;0.19895;AZUL;49;0
44;CN;60152.0;B;;0;;2.3687;2.22199;0.14035;AMARELO;50;0
44;CN;60151.0;D;;0;;3.87444;2.43913;0.19895;BRANCO;51;0
44;CN;60151.0;D;;0;;3.87444;2.43913;0.19895;ROSA;52;0
44;CN;58390.0;B;;0;;1.4458;2.05612;0.27277;AZUL;65;0
44;CN;58390.0;B;;0;;1.4458;2.05612;0.27277;AMARELO;66;0
44;CN;58390.0;B;;0;;1.4458;2.05612;0.27277;BRANCO;67;0
44;CN;58390.0;B;;0;;1.4458;2.05612;0.27277;ROSA;68;0
45;CN;60152.0;B;;0;;2.3687;2.22199;0.14035;AZUL;49;0
45;CN;60151.0;D;;0;;3.87444;2.43913;0.19895;AMARELO;50;0
45;CN;60152.0;B;;0;;2.3687;2.22199;0.14035;BRANCO;51;0
45;CN;60152.0;B;;0;;2.3687;2.22199;0.14035;ROSA;52;0
45;CN;59276.0;D;;0;;1.55108;2.58169;0.17923;AZUL;65;0
45;CN;59276.0;D;;0;;1.55108;2.58169;0.17923;AMARELO;66;0
45;CN;59276.0;D;;0;;1.55108;2.58169;0.17923;BRANCO;67;0
45;CN;59276.0;D;;0;;1.55108;2.58169;0.17923;ROSA;68;0
91;LC;60123.0;D;21.0;0;;0.78056;-0.57318;0.0065;AMARELO;57;0
91;LC;60125.0;A;13.0;0;;0.97081;1.46053;0.24029;CINZA;58;0
91;LC;60125.0;A;13.0;0;;0.97081;1.46053;0.24029;AZUL;59;0
91;LC;60125.0;A;13.0;0;;0.97081;1.46053;0.24029;ROSA;60;0
91;LC;59611.0;C;;0;;1.75009;0.42275;0.1815;AMARELO;73;0
91;LC;59611.0;C;;0;;1.75009;0.42275;0.1815;CINZA;74;0
91;LC;59611.0;C;;0;;1.75009;0.42275;0.1815;AZUL;75;0
91;LC;59611.0;C;;0;;1.75009;0.42275;0.1815;ROSA;76;0
92;LC;60124.0;A;26.0;0;;1.62594;-0.1729;0.25434;AMARELO;57;0
92;LC;60123.0;D;21.0;0;;0.78056;-0.57318;0.0065;CINZA;58;0
92;LC;60124.0;A;26.0;0;;1.62594;-0.1729;0.25434;AZUL;59;0
92;LC;60123.0;D;21.0;0;;0.78056;-0.57318;0.0065;ROSA;60;0
92;LC;59660.0;D;;0;;1.39266;-0.38247;0.26738;AMARELO;73;0
92;LC;59660.0;D;;0;;1.39266;-0.38247;0.26738;CINZA;74;0
92;LC;59660.0;D;;0;;1.39266;-0.38247;0.26738;AZUL;75;0
92;LC;59660.0;D;;0;;1.39266;-0.38247;0.26738;ROSA;76;0
93;LC;60125.0;A;13.0;0;;0.97081;1.46053;0.24029;AMARELO;57;0
93;LC;60124.0;A;26.0;0;;1.62594;-0.1729;0.25434;CINZA;58;0
93;LC;60123.0;D;21.0;0;;0.78056;-0.57318;0.0065;AZUL;59;0
93;LC;60124.0;A;26.0;0;;1.62594;-0.1729;0.25434;ROSA;60;0
93;LC;59688.0;E;;0;;2.03539;-0.07357;0.12125;AMARELO;73;0
93;LC;59688.0;E;;0;;2.03539;-0.07357;0.12125;CINZA;74;0
93;LC;59688.0;E;;0;;2.03539;-0.07357;0.12125;AZUL;75;0
93;LC;59688.0;E;;0;;2.03539;-0.07357;0.12125;ROSA;76;0
94;LC;60153.0;D;9.0;0;;0.17448;1.72689;0.03047;AMARELO;57;0
94;LC;60153.0;D;9.0;0;;0.17448;1.72689;0.03047;CINZA;58;0
94;LC;60154.0;A;13.0;0;;1.49931;0.35061;0.19376;AZUL;59;0
94;LC;60154.0;A;13.0;0;;1.49931;0.35061;0.19376;ROSA;60;0
94;LC;59111.0;C;;0;;1.40259;-0.32806;0.1761;AMARELO;73;0
94;LC;60094.0;D;;0;;1.31853;-0.69552;0.11694;CINZA;74;0
94;LC;60094.0;D;;0;;1.31853;-0.69552;0.11694;AZUL;75;0
94;LC;59111.0;C;;0;;1.40259;-0.32806;0.1761;ROSA;76;0
95;LC;60154.0;A;13.0;0;;1.49931;0.35061;0.19376;AMARELO;57;0
95;LC;60154.0;A;13.0;0;;1.49931;0.35061;0.19376;CINZA;58;0
95;LC;60153.0;D;9.0;0;;0.17448;1.72689;0.03047;AZUL;59;0
95;LC;60153.0;D;9.0;0;;0.17448;1.72689;0.03047;ROSA;60;0
95;LC;60094.0;D;;0;;1.31853;-0.69552;0.11694;AMARELO;73;0
95;LC;59111.0;C;;0;;1.40259;-0.32806;0.1761;CINZA;74;0
95;LC;59111.0;C;;0;;1.40259;-0.32806;0.1761;AZUL;75;0
95;LC;60094.0;D;;0;;1.31853;-0.69552;0.11694;ROSA;76;0
96;LC;60155.0;D;25.0;0;;2.15636;1.39514;0.26674;AMARELO;57;0
96;LC;60155.0;D;25.0;0;;2.15636;1.39514;0.26674;CINZA;58;0
96;LC;60157.0;C;21.0;0;;1.2238;1.36537;0.12418;AZUL;59;0
96;LC;60156.0;D;2.0;0;;1.29165;-2.59784;0.02174;ROSA;60;0
96;LC;59521.0;D;;0;;1.51371;0.29719;0.10295;AMARELO;73;0
96;LC;59521.0;D;;0;;1.51371;0.29719;0.10295;CINZA;74;0
96;LC;59521.0;D;;0;;1.51371;0.29719;0.10295;AZUL;75;0
96;LC;59521.0;D;;0;;1.51371;0.29719;0.10295;ROSA;76;0
97;LC;60156.0;D;2.0;0;;1.29165;-2.59784;0.02174;AMARELO;57;0
97;LC;60157.0;C;21.0;0;;1.2238;1.36537;0.12418;CINZA;58;0
97;LC;60156.0;D;2.0;0;;1.29165;-2.59784;0.02174;AZUL;59;0
97;LC;60157.0;C;21.0;0;;1.2238;1.36537;0.12418;ROSA;60;0
97;LC;58199.0;E;;0;;0.65996;0.88205;0.16965;AMARELO;73;0
97;LC;58199.0;E;;0;;0.65996;0.88205;0.16965;CINZA;74;0
97;LC;58199.0;E;;0;;0.65996;0.88205;0.16965;AZUL;75;0
97;LC;58199.0;E;;0;;0.65996;0.88205;0.16965;ROSA;76;0
98;LC;60157.0;C;21.0;0;;1.2238;1.36537;0.12418;AMARELO;57;0
98;LC;60156.0;D;2.0;0;;1.29165;-2.59784;0.02174;CINZA;58;0
98;LC;60155.0;D;25.0;0;;2.15636;1.39514;0.26674;AZUL;59;0
98;LC;60155.0;D;25.0;0;;2.15636;1.39514;0.26674;ROSA;60;0
98;LC;59164.0;E;;0;;1.46584;0.45343;0.13906;AMARELO;73;0
98;LC;59164.0;E;;0;;1.46584;0.45343;0.13906;CINZA;74;0
98;LC;59164.0;E;;0;;1.46584;0.45343;0.13906;AZUL;75;0
98;LC;59164.0;E;;0;;1.46584;0.45343;0.13906;ROSA;76;0
99;LC;59578.0;C;15.0;0;;1.76673;1.16016;0.16401;AMARELO;57;0
99;LC;59578.0;C;15.0;0;;1.76673;1.16016;0.16401;CINZA;58;0
99;LC;59578.0;C;15.0;0;;1.76673;1.16016;0.16401;AZUL;59;0
99;LC;59578.0;C;15.0;0;;1.76673;1.16016;0.16401;ROSA;60;0
99;LC;59553.0;C;;0;;1.41779;0.48869;0.12741;AMARELO;73;0
99;LC;59553.0;C;;0;;1.41779;0.48869;0.12741;CINZA;74;0
99;LC;59143.0;B;;0;;1.73884;0.29285;0.21977;AZUL;75;0
99;LC;59691.0;D;;0;;2.37163;0.71067;0.18134;ROSA;76;0
100;LC;60158.0;C;12.0;0;;1.53006;-0.42423;0.17888;AMARELO;57;0
100;LC;60158.0;C;12.0;0;;1.53006;-0.42423;0.17888;CINZA;58;0
100;LC;60160.0;E;19.0;0;;1.33407;-0.24622;0.14923;AZUL;59;0
100;LC;60160.0;E;19.0;0;;1.33407;-0.24622;0.14923;ROSA;60;0
100;LC;59691.0;D;;0;;2.37163;0.71067;0.18134;AMARELO;73;0
100;LC;59143.0;B;;0;;1.73884;0.29285;0.21977;CINZA;74;0
100;LC;59691.0;D;;0;;2.37163;0.71067;0.18134;AZUL;75;0
100;LC;59143.0;B;;0;;1.73884;0.29285;0.21977;ROSA;76;0
101;LC;;X;;1;Pedagógico;;;;AMARELO;57;0
101;LC;60160.0;E;19.0;0;;1.33407;-0.24622;0.14923;CINZA;58;0
101;LC;;X;;1;Pedagógico;;;;AZUL;59;0
101;LC;;X;;1;Pedagógico;;;;ROSA;60;0
101;LC;59143.0;B;;0;;1.73884;0.29285;0.21977;AMARELO;73;0
101;LC;59691.0;D;;0;;2.37163;0.71067;0.18134;CINZA;74;0
101;LC;59553.0;C;;0;;1.41779;0.48869;0.12741;AZUL;75;0
101;LC;58205.0;A;;0;;3.33804;0.53521;0.13236;ROSA;76;0
102;LC;60160.0;E;19.0;0;;1.33407;-0.24622;0.14923;AMARELO;57;0
102;LC;;X;;1;Pedagógico;;;;CINZA;58;0
102;LC;60158.0;C;12.0;0;;1.53006;-0.42423;0.17888;AZUL;59;0
102;LC;60158.0;C;12.0;0;;1.53006;-0.42423;0.17888;ROSA;60;0
102;LC;58504.0;B;;0;;1.81093;0.4451;0.20425;AMARELO;73;0
102;LC;58504.0;B;;0;;1.81093;0.4451;0.20425;CINZA;74;0
102;LC;58504.0;B;;0;;1.81093;0.4451;0.20425;AZUL;75;0
102;LC;58504.0;B;;0;;1.81093;0.4451;0.20425;ROSA;76;0
103;LC;60161.0;C;10.0;0;;0.74583;-1.56844;0.00464;AMARELO;57;0
103;LC;60161.0;C;10.0;0;;0.74583;-1.56844;0.00464;CINZA;58;0
103;LC;60161.0;C;10.0;0;;0.74583;-1.56844;0.00464;AZUL;59;0
103;LC;60161.0;C;10.0;0;;0.74583;-1.56844;0.00464;ROSA;60;0
103;LC;59681.0;C;;0;;1.72849;-0.02264;0.20339;AMARELO;73;0
103;LC;59681.0;C;;0;;1.72849;-0.02264;0.20339;CINZA;74;0
103;LC;59681.0;C;;0;;1.72849;-0.02264;0.20339;AZUL;75;0
103;LC;59681.0;C;;0;;1.72849;-0.02264;0.20339;ROSA;76;0
104;LC;59175.0;A;29.0;0;;1.22447;0.03763;0.07999;AMARELO;57;0
104;LC;59175.0;A;29.0;0;;1.22447;0.03763;0.07999;CINZA;58;0
104;LC;59175.0;A;29.0;0;;1.22447;0.03763;0.07999;AZUL;59;0
104;LC;59175.0;A;29.0;0;;1.22447;0.03763;0.07999;ROSA;60;0
104;LC;58205.0;A;;0;;3.33804;0.53521;0.13236;AMARELO;73;0
104;LC;58205.0;A;;0;;3.33804;0.53521;0.13236;CINZA;74;0
104;LC;59137.0;B;;0;;1.87075;0.1485;0.13725;AZUL;75;0
104;LC;59553.0;C;;0;;1.41779;0.48869;0.12741;ROSA;76;0
105;LC;60162.0;D;30.0;0;;1.85103;-0.65235;0.12666;AMARELO;57;0
105;LC;60163.0;D;1.0;0;;1.25947;2.26652;0.1277;CINZA;58;0
105;LC;60163.0;D;1.0;0;;1.25947;2.26652;0.1277;AZUL;59;0
105;LC;60163.0;D;1.0;0;;1.25947;2.26652;0.1277;ROSA;60;0
105;LC;59550.0;C;;0;;2.55254;0.55073;0.18287;AMARELO;73;0
105;LC;59137.0;B;;0;;1.87075;0.1485;0.13725;CINZA;74;0
105;LC;59550.0;C;;0;;2.55254;0.55073;0.18287;AZUL;75;0
105;LC;59137.0;B;;0;;1.87075;0.1485;0.13725;ROSA;76;0
106;LC;60163.0;D;1.0;0;;1.25947;2.26652;0.1277;AMARELO;57;0
106;LC;60162.0;D;30.0;0;;1.85103;-0.65235;0.12666;CINZA;58;0
106;LC;60162.0;D;30.0;0;;1.85103;-0.65235;0.12666;AZUL;59;0
106;LC;60165.0;E;24.0;0;;0.56261;1.38732;0.00511;ROSA;60;0
106;LC;59137.0;B;;0;;1.87075;0.1485;0.13725;AMARELO;73;0
106;LC;59550.0;C;;0;;2.55254;0.55073;0.18287;CINZA;74;0
106;LC;58205.0;A;;0;;3.33804;0.53521;0.13236;AZUL;75;0
106;LC;59550.0;C;;0;;2.55254;0.55073;0.18287;ROSA;76;0
107;LC;60164.0;B;22.0;0;;0.92183;-1.48328;0.00139;AMARELO;57;0
107;LC;60165.0;E;24.0;0;;0.56261;1.38732;0.00511;CINZA;58;0
107;LC;60165.0;E;24.0;0;;0.56261;1.38732;0.00511;AZUL;59;0
107;LC;60164.0;B;22.0;0;;0.92183;-1.48328;0.00139;ROSA;60;0
107;LC;58228.0;D;;0;;2.26056;1.06626;0.20722;AMARELO;73;0
107;LC;58228.0;D;;0;;2.26056;1.06626;0.20722;CINZA;74;0
107;LC;58228.0;D;;0;;2.26056;1.06626;0.20722;AZUL;75;0
107;LC;58228.0;D;;0;;2.26056;1.06626;0.20722;ROSA;76;0
108;LC;60165.0;E;24.0;0;;0.56261;1.38732;0.00511;AMARELO;57;0
108;LC;60164.0;B;22.0;0;;0.92183;-1.48328;0.00139;CINZA;58;0
108;LC;60164.0;B;22.0;0;;0.92183;-1.48328;0.00139;AZUL;59;0
108;LC;60162.0;D;30.0;0;;1.85103;-0.65235;0.12666;ROSA;60;0
108;LC;58157.0;C;;0;;1.56235;1.11884;0.23671;AMARELO;73;0
108;LC;58157.0;C;;0;;1.56235;1.11884;0.23671;CINZA;74;0
108;LC;58157.0;C;;0;;1.56235;1.11884;0.23671;AZUL;75;0
108;LC;58157.0;C;;0;;1.56235;1.11884;0.23671;ROSA;76;0
109;LC;58219.0;C;25.0;0;;1.55006;0.91629;0.18536;AMARELO;57;0
109;LC;58219.0;C;25.0;0;;1.55006;0.91629;0.18536;CINZA;58;0
109;LC;58219.0;C;25.0;0;;1.55006;0.91629;0.18536;AZUL;59;0
109;LC;58219.0;C;25.0;0;;1.55006;0.91629;0.18536;ROSA;60;0
109;LC;58189.0;E;;0;;1.36274;1.3267;0.24729;AMARELO;73;0
109;LC;59156.0;E;;0;;2.14055;1.04831;0.22814;CINZA;74;0
109;LC;59606.0;B;;0;;1.48874;1.92308;0.15779;AZUL;75;0
109;LC;59606.0;B;;0;;1.48874;1.92308;0.15779;ROSA;76;0
110;LC;60166.0;C;3.0;0;;1.98046;0.16087;0.21196;AMARELO;57;0
110;LC;60166.0;C;3.0;0;;1.98046;0.16087;0.21196;CINZA;58;0
110;LC;60166.0;C;3.0;0;;1.98046;0.16087;0.21196;AZUL;59;0
110;LC;60166.0;C;3.0;0;;1.98046;0.16087;0.21196;ROSA;60;0
110;LC;59156.0;E;;0;;2.14055;1.04831;0.22814;AMARELO;73;0
110;LC;58189.0;E;;0;;1.36274;1.3267;0.24729;CINZA;74;0
110;LC;59156.0;E;;0;;2.14055;1.04831;0.22814;AZUL;75;0
110;LC;58189.0;E;;0;;1.36274;1.3267;0.24729;ROSA;76;0
111;LC;60167.0;D;28.0;0;;1.86134;1.51891;0.13794;AMARELO;57;0
111;LC;60168.0;C;20.0;0;;1.96799;1.21789;0.12961;CINZA;58;0
111;LC;60168.0;C;20.0;0;;1.96799;1.21789;0.12961;AZUL;59;0
111;LC;60169.0;C;12.0;0;;0.95604;0.12646;0.07389;ROSA;60;0
111;LC;59606.0;B;;0;;1.48874;1.92308;0.15779;AMARELO;73;0
111;LC;59606.0;B;;0;;1.48874;1.92308;0.15779;CINZA;74;0
111;LC;58189.0;E;;0;;1.36274;1.3267;0.24729;AZUL;75;0
111;LC;59156.0;E;;0;;2.14055;1.04831;0.22814;ROSA;76;0
112;LC;60168.0;C;20.0;0;;1.96799;1.21789;0.12961;AMARELO;57;0
112;LC;60167.0;D;28.0;0;;1.86134;1.51891;0.13794;CINZA;58;0
112;LC;60169.0;C;12.0;0;;0.95604;0.12646;0.07389;AZUL;59;0
112;LC;60168.0;C;20.0;0;;1.96799;1.21789;0.12961;ROSA;60;0
112;LC;59624.0;D;;0;;2.1892;0.99778;0.07685;AMARELO;73;0
112;LC;59624.0;D;;0;;2.1892;0.99778;0.07685;CINZA;74;0
112;LC;59624.0;D;;0;;2.1892;0.99778;0.07685;AZUL;75;0
112;LC;59624.0;D;;0;;2.1892;0.99778;0.07685;ROSA;76;0
113;LC;60169.0;C;12.0;0;;0.95604;0.12646;0.07389;AMARELO;57;0
113;LC;60169.0;C;12.0;0;;0.95604;0.12646;0.07389;CINZA;58;0
113;LC;60167.0;D;28.0;0;;1.86134;1.51891;0.13794;AZUL;59;0
113;LC;60167.0;D;28.0;0;;1.86134;1.51891;0.13794;ROSA;60;0
113;LC;59570.0;E;;0;;2.06925;0.04473;0.08708;AMARELO;73;0
113;LC;59182.0;D;;0;;1.59951;1.45002;0.14949;CINZA;74;0
113;LC;59575.0;D;;0;;1.82564;1.09872;0.16136;AZUL;75;0
113;LC;59575.0;D;;0;;1.82564;1.09872;0.16136;ROSA;76;0
114;LC;59074.0;D;21.0;0;;0.74469;-0.49715;0.00117;AMARELO;57;0
114;LC;59074.0;D;21.0;0;;0.74469;-0.49715;0.00117;CINZA;58;0
114;LC;59074.0;D;21.0;0;;0.74469;-0.49715;0.00117;AZUL;59;0
114;LC;59074.0;D;21.0;0;;0.74469;-0.49715;0.00117;ROSA;60;0
114;LC;59182.0;D;;0;;1.59951;1.45002;0.14949;AMARELO;73;0
114;LC;59570.0;E;;0;;2.06925;0.04473;0.08708;CINZA;74;0
114;LC;59182.0;D;;0;;1.59951;1.45002;0.14949;AZUL;75;0
114;LC;58227.0;C;;0;;1.53189;1.88469;0.25248;ROSA;76;0
115;LC;60170.0;C;14.0;0;;2.04663;0.81558;0.23032;AMARELO;57;0
115;LC;60171.0;E;14.0;0;;1.09239;-0.21594;0.00408;CINZA;58;0
115;LC;60171.0;E;14.0;0;;1.09239;-0.21594;0.00408;AZUL;59;0
115;LC;60173.0;E;19.0;0;;1.23656;0.34024;0.27472;ROSA;60;0
115;LC;59575.0;D;;0;;1.82564;1.09872;0.16136;AMARELO;73;0
115;LC;59575.0;D;;0;;1.82564;1.09872;0.16136;CINZA;74;0
115;LC;59570.0;E;;0;;2.06925;0.04473;0.08708;AZUL;75;0
115;LC;59182.0;D;;0;;1.59951;1.45002;0.14949;ROSA;76;0
116;LC;60171.0;E;14.0;0;;1.09239;-0.21594;0.00408;AMARELO;57;0
116;LC;60170.0;C;14.0;0;;2.04663;0.81558;0.23032;CINZA;58;0
116;LC;60173.0;E;19.0;0;;1.23656;0.34024;0.27472;AZUL;59;0
116;LC;60172.0;D;18.0;0;;0.89413;1.6841;0.38803;ROSA;60;0
116;LC;58227.0;C;;0;;1.53189;1.88469;0.25248;AMARELO;73;0
116;LC;58227.0;C;;0;;1.53189;1.88469;0.25248;CINZA;74;0
116;LC;58227.0;C;;0;;1.53189;1.88469;0.25248;AZUL;75;0
116;LC;59570.0;E;;0;;2.06925;0.04473;0.08708;ROSA;76;0
117;LC;60172.0;D;18.0;0;;0.89413;1.6841;0.38803;AMARELO;57;0
117;LC;60173.0;E;19.0;0;;1.23656;0.34024;0.27472;CINZA;58;0
117;LC;60172.0;D;18.0;0;;0.89413;1.6841;0.38803;AZUL;59;0
117;LC;60171.0;E;14.0;0;;1.09239;-0.21594;0.00408;ROSA;60;0
117;LC;58179.0;E;;0;;1.60773;0.76654;0.16336;AMARELO;73;0
117;LC;58179.0;E;;0;;1.60773;0.76654;0.16336;CINZA;74;0
117;LC;58179.0;E;;0;;1.60773;0.76654;0.16336;AZUL;75;0
117;LC;58179.0;E;;0;;1.60773;0.76654;0.16336;ROSA;76;0
118;LC;60173.0;E;19.0;0;;1.23656;0.34024;0.27472;AMARELO;57;0
118;LC;60172.0;D;18.0;0;;0.89413;1.6841;0.38803;CINZA;58;0
118;LC;60170.0;C;14.0;0;;2.04663;0.81558;0.23032;AZUL;59;0
118;LC;60170.0;C;14.0;0;;2.04663;0.81558;0.23032;ROSA;60;0
118;LC;59060.0;B;;0;;1.65848;1.91369;0.16974;AMARELO;73;0
118;LC;59060.0;B;;0;;1.65848;1.91369;0.16974;CINZA;74;0
118;LC;59060.0;B;;0;;1.65848;1.91369;0.16974;AZUL;75;0
118;LC;59060.0;B;;0;;1.65848;1.91369;0.16974;ROSA;76;0
119;LC;59610.0;E;22.0;0;;2.07716;0.67592;0.17303;AMARELO;57;0
119;LC;59610.0;E;22.0;0;;2.07716;0.67592;0.17303;CINZA;58;0
119;LC;59610.0;E;22.0;0;;2.07716;0.67592;0.17303;AZUL;59;0
119;LC;59610.0;E;22.0;0;;2.07716;0.67592;0.17303;ROSA;60;0
119;LC;58168.0;A;;0;;1.40145;1.96882;0.12966;AMARELO;73;0
119;LC;59138.0;C;;0;;1.84157;1.43279;0.13065;CINZA;74;0
119;LC;58168.0;A;;0;;1.40145;1.96882;0.12966;AZUL;75;0
119;LC;58168.0;A;;0;;1.40145;1.96882;0.12966;ROSA;76;0
120;LC;60174.0;D;12.0;0;;1.36999;0.42102;0.15831;AMARELO;57;0
120;LC;60175.0;C;17.0;0;;1.37541;0.90582;0.20672;CINZA;58;0
120;LC;60175.0;C;17.0;0;;1.37541;0.90582;0.20672;AZUL;59;0
120;LC;60175.0;C;17.0;0;;1.37541;0.90582;0.20672;ROSA;60;0
120;LC;59138.0;C;;0;;1.84157;1.43279;0.13065;AMARELO;73;0
120;LC;58168.0;A;;0;;1.40145;1.96882;0.12966;CINZA;74;0
120;LC;59138.0;C;;0;;1.84157;1.43279;0.13065;AZUL;75;0
120;LC;59138.0;C;;0;;1.84157;1.43279;0.13065;ROSA;76;0
121;LC;60175.0;C;17.0;0;;1.37541;0.90582;0.20672;AMARELO;57;0
121;LC;60174.0;D;12.0;0;;1.36999;0.42102;0.15831;CINZA;58;0
121;LC;60177.0;B;23.0;0;;1.80381;1.14113;0.24723;AZUL;59;0
121;LC;60176.0;B;27.0;0;;1.94533;1.62981;0.13471;ROSA;60;0
121;LC;59598.0;C;;0;;1.08684;1.14434;0.14406;AMARELO;73;0
121;LC;59598.0;C;;0;;1.08684;1.14434;0.14406;CINZA;74;0
121;LC;59598.0;C;;0;;1.08684;1.14434;0.14406;AZUL;75;0
121;LC;59598.0;C;;0;;1.08684;1.14434;0.14406;ROSA;76;0
122;LC;60176.0;B;27.0;0;;1.94533;1.62981;0.13471;AMARELO;57;0
122;LC;60177.0;B;23.0;0;;1.80381;1.14113;0.24723;CINZA;58;0
122;LC;60176.0;B;27.0;0;;1.94533;1.62981;0.13471;AZUL;59;0
122;LC;60177.0;B;23.0;0;;1.80381;1.14113;0.24723;ROSA;60;0
122;LC;59651.0;D;;0;;1.36971;1.47048;0.15678;AMARELO;73;0
122;LC;59651.0;D;;0;;1.36971;1.47048;0.15678;CINZA;74;0
122;LC;59651.0;D;;0;;1.36971;1.47048;0.15678;AZUL;75;0
122;LC;59651.0;D;;0;;1.36971;1.47048;0.15678;ROSA;76;0
123;LC;60177.0;B;23.0;0;;1.80381;1.14113;0.24723;AMARELO;57;0
123;LC;60176.0;B;27.0;0;;1.94533;1.62981;0.13471;CINZA;58;0
123;LC;60174.0;D;12.0;0;;1.36999;0.42102;0.15831;AZUL;59;0
123;LC;60174.0;D;12.0;0;;1.36999;0.42102;0.15831;ROSA;60;0
123;LC;59665.0;E;;0;;1.50438;1.21606;0.14173;AMARELO;73;0
123;LC;59632.0;C;;0;;1.9055;0.69942;0.23079;CINZA;74;0
123;LC;59632.0;C;;0;;1.9055;0.69942;0.23079;AZUL;75;0
123;LC;59682.0;E;;0;;1.11766;1.83779;0.19427;ROSA;76;0
124;LC;59561.0;D;16.0;0;;1.03471;0.96923;0.13335;AMARELO;57;0
124;LC;59561.0;D;16.0;0;;1.03471;0.96923;0.13335;CINZA;58;0
124;LC;59561.0;D;16.0;0;;1.03471;0.96923;0.13335;AZUL;59;0
124;LC;59561.0;D;16.0;0;;1.03471;0.96923;0.13335;ROSA;60;0
124;LC;59632.0;C;;0;;1.9055;0.69942;0.23079;AMARELO;73;0
124;LC;59665.0;E;;0;;1.50438;1.21606;0.14173;CINZA;74;0
124;LC;59682.0;E;;0;;1.11766;1.83779;0.19427;AZUL;75;0
124;LC;59030.0;E;;0;;1.51206;0.7901;0.14725;ROSA;76;0
125;LC;60178.0;D;4.0;0;;0.96344;1.16345;0.17561;AMARELO;57;0
125;LC;60178.0;D;4.0;0;;0.96344;1.16345;0.17561;CINZA;58;0
125;LC;60178.0;D;4.0;0;;0.96344;1.16345;0.17561;AZUL;59;0
125;LC;60178.0;D;4.0;0;;0.96344;1.16345;0.17561;ROSA;60;0
125;LC;59030.0;E;;0;;1.51206;0.7901;0.14725;AMARELO;73;0
125;LC;59682.0;E;;0;;1.11766;1.83779;0.19427;CINZA;74;0
125;LC;59030.0;E;;0;;1.51206;0.7901;0.14725;AZUL;75;0
125;LC;59632.0;C;;0;;1.9055;0.69942;0.23079;ROSA;76;0
126;LC;60179.0;D;3.0;0;;1.04158;0.50504;0.04293;AMARELO;57;0
126;LC;60179.0;D;3.0;0;;1.04158;0.50504;0.04293;CINZA;58;0
126;LC;60179.0;D;3.0;0;;1.04158;0.50504;0.04293;AZUL;59;0
126;LC;60179.0;D;3.0;0;;1.04158;0.50504;0.04293;ROSA;60;0
126;LC;59682.0;E;;0;;1.11766;1.83779;0.19427;AMARELO;73;0
126;LC;59030.0;E;;0;;1.51206;0.7901;0.14725;CINZA;74;0
126;LC;59665.0;E;;0;;1.50438;1.21606;0.14173;AZUL;75;0
126;LC;59665.0;E;;0;;1.50438;1.21606;0.14173;ROSA;76;0
127;LC;60180.0;C;23.0;0;;0.96019;0.00409;0.0869;AMARELO;57;0
127;LC;60180.0;C;23.0;0;;0.96019;0.00409;0.0869;CINZA;58;0
127;LC;60180.0;C;23.0;0;;0.96019;0.00409;0.0869;AZUL;59;0
127;LC;60180.0;C;23.0;0;;0.96019;0.00409;0.0869;ROSA;60;0
127;LC;59566.0;B;;0;;0.92531;2.11343;0.15871;AMARELO;73;0
127;LC;59566.0;B;;0;;0.92531;2.11343;0.15871;CINZA;74;0
127;LC;59566.0;B;;0;;0.92531;2.11343;0.15871;AZUL;75;0
127;LC;59566.0;B;;0;;0.92531;2.11343;0.15871;ROSA;76;0
128;LC;60213.0;E;16.0;0;;1.06456;0.08771;0.07523;AMARELO;57;0
128;LC;60213.0;E;16.0;0;;1.06456;0.08771;0.07523;CINZA;58;0
128;LC;60213.0;E;16.0;0;;1.06456;0.08771;0.07523;AZUL;59;0
128;LC;60213.0;E;16.0;0;;1.06456;0.08771;0.07523;ROSA;60;0
128;LC;59680.0;C;;0;;1.62778;1.87781;0.23376;AMARELO;73;0
128;LC;58166.0;D;;0;;1.3057;1.55326;0.22187;CINZA;74;0
128;LC;58166.0;D;;0;;1.3057;1.55326;0.22187;AZUL;75;0
128;LC;59637.0;A;;0;;1.39241;1.81296;0.24352;ROSA;76;0
129;LC;59558.0;E;22.0;0;;2.24182;1.91971;0.11021;AMARELO;57;0
129;LC;59558.0;E;22.0;0;;2.24182;1.91971;0.11021;CINZA;58;0
129;LC;59558.0;E;22.0;0;;2.24182;1.91971;0.11021;AZUL;59;0
129;LC;59558.0;E;22.0;0;;2.24182;1.91971;0.11021;ROSA;60;0
129;LC;58166.0;D;;0;;1.3057;1.55326;0.22187;AMARELO;73;0
129;LC;59680.0;C;;0;;1.62778;1.87781;0.23376;CINZA;74;0
129;LC;59680.0;C;;0;;1.62778;1.87781;0.23376;AZUL;75;0
129;LC;59189.0;B;;0;;1.13996;2.51269;0.22387;ROSA;76;0
130;LC;60214.0;C;17.0;0;;1.41939;1.9407;0.18185;AMARELO;57;0
130;LC;60214.0;C;17.0;0;;1.41939;1.9407;0.18185;CINZA;58;0
130;LC;60214.0;C;17.0;0;;1.41939;1.9407;0.18185;AZUL;59;0
130;LC;60220.0;D;16.0;0;;1.99283;1.32131;0.15818;ROSA;60;0
130;LC;59189.0;B;;0;;1.13996;2.51269;0.22387;AMARELO;73;0
130;LC;59189.0;B;;0;;1.13996;2.51269;0.22387;CINZA;74;0
130;LC;59637.0;A;;0;;1.39241;1.81296;0.24352;AZUL;75;0
130;LC;58166.0;D;;0;;1.3057;1.55326;0.22187;ROSA;76;0
131;LC;60216.0;C;16.0;0;;1.96067;2.21352;0.19902;AMARELO;57;0
131;LC;60216.0;C;16.0;0;;1.96067;2.21352;0.19902;CINZA;58;0
131;LC;60222.0;D;4.0;0;;2.10098;2.03879;0.15072;AZUL;59;0
131;LC;60218.0;C;15.0;0;;2.22631;1.374;0.18124;ROSA;60;0
131;LC;59637.0;A;;0;;1.39241;1.81296;0.24352;AMARELO;73;0
131;LC;59637.0;A;;0;;1.39241;1.81296;0.24352;CINZA;74;0
131;LC;59189.0;B;;0;;1.13996;2.51269;0.22387;AZUL;75;0
131;LC;59680.0;C;;0;;1.62778;1.87781;0.23376;ROSA;76;0
132;LC;60218.0;C;15.0;0;;2.22631;1.374;0.18124;AMARELO;57;0
132;LC;60220.0;D;16.0;0;;1.99283;1.32131;0.15818;CINZA;58;0
132;LC;60220.0;D;16.0;0;;1.99283;1.32131;0.15818;AZUL;59;0
132;LC;60221.0;A;11.0;0;;1.30382;1.31555;0.17822;ROSA;60;0
132;LC;59639.0;D;;0;;2.06295;0.56291;0.25896;AMARELO;73;0
132;LC;59639.0;D;;0;;2.06295;0.56291;0.25896;CINZA;74;0
132;LC;59639.0;D;;0;;2.06295;0.56291;0.25896;AZUL;75;0
132;LC;59639.0;D;;0;;2.06295;0.56291;0.25896;ROSA;76;0
133;LC;60220.0;D;16.0;0;;1.99283;1.32131;0.15818;AMARELO;57;0
133;LC;60218.0;C;15.0;0;;2.22631;1.374;0.18124;CINZA;58;0
133;LC;60218.0;C;15.0;0;;2.22631;1.374;0.18124;AZUL;59;0
133;LC;60214.0;C;17.0;0;;1.41939;1.9407;0.18185;ROSA;60;0
133;LC;59493.0;E;;0;;1.29568;1.21007;0.14848;AMARELO;73;0
133;LC;59493.0;E;;0;;1.29568;1.21007;0.14848;CINZA;74;0
133;LC;59493.0;E;;0;;1.29568;1.21007;0.14848;AZUL;75;0
133;LC;59493.0;E;;0;;1.29568;1.21007;0.14848;ROSA;76;0
134;LC;60221.0;A;11.0;0;;1.30382;1.31555;0.17822;AMARELO;57;0
134;LC;60221.0;A;11.0;0;;1.30382;1.31555;0.17822;CINZA;58;0
134;LC;60221.0;A;11.0;0;;1.30382;1.31555;0.17822;AZUL;59;0
134;LC;60222.0;D;4.0;0;;2.10098;2.03879;0.15072;ROSA;60;0
134;LC;59147.0;E;;0;;2.48964;1.25578;0.16594;AMARELO;73;0
134;LC;59562.0;B;;0;;0.97253;1.54356;0.16689;CINZA;74;0
134;LC;59562.0;B;;0;;0.97253;1.54356;0.16689;AZUL;75;0
134;LC;59147.0;E;;0;;2.48964;1.25578;0.16594;ROSA;76;0
135;LC;60222.0;D;4.0;0;;2.10098;2.03879;0.15072;AMARELO;57;0
135;LC;60222.0;D;4.0;0;;2.10098;2.03879;0.15072;CINZA;58;0
135;LC;60216.0;C;16.0;0;;1.96067;2.21352;0.19902;AZUL;59;0
135;LC;60216.0;C;16.0;0;;1.96067;2.21352;0.19902;ROSA;60;0
135;LC;59562.0;B;;0;;0.97253;1.54356;0.16689;AMARELO;73;0
135;LC;59147.0;E;;0;;2.48964;1.25578;0.16594;CINZA;74;0
135;LC;59147.0;E;;0;;2.48964;1.25578;0.16594;AZUL;75;0
135;LC;59562.0;B;;0;;0.97253;1.54356;0.16689;ROSA;76;0
136;MT;60226.0;D;12.0;0;;2.70316;1.28868;0.13945;AMARELO;61;0
136;MT;60227.0;E;24.0;0;;2.4516;2.26159;0.07674;CINZA;62;0
136;MT;60229.0;A;24.0;0;;3.40407;2.10238;0.10698;AZUL;63;0
136;MT;60226.0;D;12.0;0;;2.70316;1.28868;0.13945;ROSA;64;0
136;MT;58973.0;B;;0;;2.47441;0.77236;0.16687;AMARELO;77;0
136;MT;58973.0;B;;0;;2.47441;0.77236;0.16687;CINZA;78;0
136;MT;58973.0;B;;0;;2.47441;0.77236;0.16687;AZUL;79;0
136;MT;58973.0;B;;0;;2.47441;0.77236;0.16687;ROSA;80;0
137;MT;60227.0;E;24.0;0;;2.4516;2.26159;0.07674;AMARELO;61;0
137;MT;60228.0;C;28.0;0;;2.18226;2.25808;0.24918;CINZA;62;0
137;MT;60226.0;D;12.0;0;;2.70316;1.28868;0.13945;AZUL;63;0
137;MT;60229.0;A;24.0;0;;3.40407;2.10238;0.10698;ROSA;64;0
137;MT;58783.0;C;;0;;2.1714;0.98005;0.19773;AMARELO;77;0
137;MT;58783.0;C;;0;;2.1714;0.98005;0.19773;CINZA;78;0
137;MT;58783.0;C;;0;;2.1714;0.98005;0.19773;AZUL;79;0
137;MT;58783.0;C;;0;;2.1714;0.98005;0.19773;ROSA;80;0
138;MT;60228.0;C;28.0;0;;2.18226;2.25808;0.24918;AMARELO;61;0
138;MT;60226.0;D;12.0;0;;2.70316;1.28868;0.13945;CINZA;62;0
138;MT;60227.0;E;24.0;0;;2.4516;2.26159;0.07674;AZUL;63;0
138;MT;60228.0;C;28.0;0;;2.18226;2.25808;0.24918;ROSA;64;0
138;MT;58700.0;D;;0;;1.79227;0.09797;0.08049;AMARELO;77;0
138;MT;59002.0;E;;0;;1.95147;-0.35276;0.13498;CINZA;78;0
138;MT;59002.0;E;;0;;1.95147;-0.35276;0.13498;AZUL;79;0
138;MT;58700.0;D;;0;;1.79227;0.09797;0.08049;ROSA;80;0
139;MT;60229.0;A;24.0;0;;3.40407;2.10238;0.10698;AMARELO;61;0
139;MT;60229.0;A;24.0;0;;3.40407;2.10238;0.10698;CINZA;62;0
139;MT;60228.0;C;28.0;0;;2.18226;2.25808;0.24918;AZUL;63;0
139;MT;60227.0;E;24.0;0;;2.4516;2.26159;0.07674;ROSA;64;0
139;MT;59002.0;E;;0;;1.95147;-0.35276;0.13498;AMARELO;77;0
139;MT;58700.0;D;;0;;1.79227;0.09797;0.08049;CINZA;78;0
139;MT;58700.0;D;;0;;1.79227;0.09797;0.08049;AZUL;79;0
139;MT;59002.0;E;;0;;1.95147;-0.35276;0.13498;ROSA;80;0
140;MT;60230.0;D;23.0;0;;1.76793;0.79745;0.17243;AMARELO;61;0
140;MT;60230.0;D;23.0;0;;1.76793;0.79745;0.17243;CINZA;62;0
140;MT;60231.0;C;18.0;0;;2.86703;1.9126;0.19442;AZUL;63;0
140;MT;60231.0;C;18.0;0;;2.86703;1.9126;0.19442;ROSA;64;0
140;MT;58599.0;C;;0;;1.52532;0.63295;0.18496;AMARELO;77;0
140;MT;57721.0;E;;0;;1.87615;0.72711;0.1638;CINZA;78;0
140;MT;58599.0;C;;0;;1.52532;0.63295;0.18496;AZUL;79;0
140;MT;58599.0;C;;0;;1.52532;0.63295;0.18496;ROSA;80;0
141;MT;60231.0;C;18.0;0;;2.86703;1.9126;0.19442;AMARELO;61;0
141;MT;60231.0;C;18.0;0;;2.86703;1.9126;0.19442;CINZA;62;0
141;MT;60230.0;D;23.0;0;;1.76793;0.79745;0.17243;AZUL;63;0
141;MT;60230.0;D;23.0;0;;1.76793;0.79745;0.17243;ROSA;64;0
141;MT;57721.0;E;;0;;1.87615;0.72711;0.1638;AMARELO;77;0
141;MT;58599.0;C;;0;;1.52532;0.63295;0.18496;CINZA;78;0
141;MT;57721.0;E;;0;;1.87615;0.72711;0.1638;AZUL;79;0
141;MT;57721.0;E;;0;;1.87615;0.72711;0.1638;ROSA;80;0
142;MT;60232.0;E;26.0;0;;1.38979;1.27326;0.18155;AMARELO;61;0
142;MT;60233.0;D;24.0;0;;2.02435;2.59979;0.15523;CINZA;62;0
142;MT;60232.0;E;26.0;0;;1.38979;1.27326;0.18155;AZUL;63;0
142;MT;60233.0;D;24.0;0;;2.02435;2.59979;0.15523;ROSA;64;0
142;MT;58641.0;B;;0;;1.35927;1.079;0.18273;AMARELO;77;0
142;MT;58641.0;B;;0;;1.35927;1.079;0.18273;CINZA;78;0
142;MT;58641.0;B;;0;;1.35927;1.079;0.18273;AZUL;79;0
142;MT;58641.0;B;;0;;1.35927;1.079;0.18273;ROSA;80;0
143;MT;60233.0;D;24.0;0;;2.02435;2.59979;0.15523;AMARELO;61;0
143;MT;60232.0;E;26.0;0;;1.38979;1.27326;0.18155;CINZA;62;0
143;MT;60233.0;D;24.0;0;;2.02435;2.59979;0.15523;AZUL;63;0
143;MT;60232.0;E;26.0;0;;1.38979;1.27326;0.18155;ROSA;64;0
143;MT;59360.0;A;;0;;3.06331;0.90388;0.17966;AMARELO;77;0
143;MT;59360.0;A;;0;;3.06331;0.90388;0.17966;CINZA;78;0
143;MT;59360.0;A;;0;;3.06331;0.90388;0.17966;AZUL;79;0
143;MT;59360.0;A;;0;;3.06331;0.90388;0.17966;ROSA;80;0
144;MT;58672.0;D;1.0;0;;3.55003;2.41723;0.23666;AMARELO;61;0
144;MT;58672.0;D;1.0;0;;3.55003;2.41723;0.23666;CINZA;62;0
144;MT;58672.0;D;1.0;0;;3.55003;2.41723;0.23666;AZUL;63;0
144;MT;58672.0;D;1.0;0;;3.55003;2.41723;0.23666;ROSA;64;0
144;MT;58791.0;C;;0;;1.69197;1.11458;0.12361;AMARELO;77;0
144;MT;58626.0;D;;0;;3.5369;1.51291;0.16901;CINZA;78;0
144;MT;58791.0;C;;0;;1.69197;1.11458;0.12361;AZUL;79;0
144;MT;58791.0;C;;0;;1.69197;1.11458;0.12361;ROSA;80;0
145;MT;60235.0;C;6.0;0;;1.21921;0.13076;0.08474;AMARELO;61;0
145;MT;60235.0;C;6.0;0;;1.21921;0.13076;0.08474;CINZA;62;0
145;MT;60237.0;C;29.0;0;;4.3337;2.47568;0.1023;AZUL;63;0
145;MT;60241.0;A;26.0;0;;1.51401;1.02663;0.15914;ROSA;64;0
145;MT;58626.0;D;;0;;3.5369;1.51291;0.16901;AMARELO;77;0
145;MT;58791.0;C;;0;;1.69197;1.11458;0.12361;CINZA;78;0
145;MT;58626.0;D;;0;;3.5369;1.51291;0.16901;AZUL;79;0
145;MT;58626.0;D;;0;;3.5369;1.51291;0.16901;ROSA;80;0
146;MT;60237.0;C;29.0;0;;4.3337;2.47568;0.1023;AMARELO;61;0
146;MT;60237.0;C;29.0;0;;4.3337;2.47568;0.1023;CINZA;62;0
146;MT;60241.0;A;26.0;0;;1.51401;1.02663;0.15914;AZUL;63;0
146;MT;60237.0;C;29.0;0;;4.3337;2.47568;0.1023;ROSA;64;0
146;MT;59430.0;C;;0;;3.21411;1.40451;0.22162;AMARELO;77;0
146;MT;59430.0;C;;0;;3.21411;1.40451;0.22162;CINZA;78;0
146;MT;59430.0;C;;0;;3.21411;1.40451;0.22162;AZUL;79;0
146;MT;59430.0;C;;0;;3.21411;1.40451;0.22162;ROSA;80;0
147;MT;60239.0;D;24.0;0;;0.2988;3.54917;0.08531;AMARELO;61;0
147;MT;60241.0;A;26.0;0;;1.51401;1.02663;0.15914;CINZA;62;0
147;MT;60235.0;C;6.0;0;;1.21921;0.13076;0.08474;AZUL;63;0
147;MT;60235.0;C;6.0;0;;1.21921;0.13076;0.08474;ROSA;64;0
147;MT;59408.0;B;;0;;1.80866;1.44778;0.25772;AMARELO;77;0
147;MT;59408.0;B;;0;;1.80866;1.44778;0.25772;CINZA;78;0
147;MT;59408.0;B;;0;;1.80866;1.44778;0.25772;AZUL;79;0
147;MT;59408.0;B;;0;;1.80866;1.44778;0.25772;ROSA;80;0
148;MT;60241.0;A;26.0;0;;1.51401;1.02663;0.15914;AMARELO;61;0
148;MT;60239.0;D;24.0;0;;0.2988;3.54917;0.08531;CINZA;62;0
148;MT;60239.0;D;24.0;0;;0.2988;3.54917;0.08531;AZUL;63;0
148;MT;60239.0;D;24.0;0;;0.2988;3.54917;0.08531;ROSA;64;0
148;MT;58606.0;A;;0;;2.51733;1.46492;0.15018;AMARELO;77;0
148;MT;59372.0;D;;0;;1.19749;1.86987;0.21683;CINZA;78;0
148;MT;59446.0;E;;0;;2.74718;1.93147;0.2437;AZUL;79;0
148;MT;59005.0;E;;0;;2.39541;1.80658;0.15763;ROSA;80;0
149;MT;59484.0;E;7.0;0;;1.01912;-0.96661;0.0063;AMARELO;61;0
149;MT;59484.0;E;7.0;0;;1.01912;-0.96661;0.0063;CINZA;62;0
149;MT;59484.0;E;7.0;0;;1.01912;-0.96661;0.0063;AZUL;63;0
149;MT;59484.0;E;7.0;0;;1.01912;-0.96661;0.0063;ROSA;64;0
149;MT;59372.0;D;;0;;1.19749;1.86987;0.21683;AMARELO;77;0
149;MT;58606.0;A;;0;;2.51733;1.46492;0.15018;CINZA;78;0
149;MT;59005.0;E;;0;;2.39541;1.80658;0.15763;AZUL;79;0
149;MT;59446.0;E;;0;;2.74718;1.93147;0.2437;ROSA;80;0
150;MT;60243.0;D;27.0;0;;2.13467;1.88587;0.17527;AMARELO;61;0
150;MT;60243.0;D;27.0;0;;2.13467;1.88587;0.17527;CINZA;62;0
150;MT;60243.0;D;27.0;0;;2.13467;1.88587;0.17527;AZUL;63;0
150;MT;60243.0;D;27.0;0;;2.13467;1.88587;0.17527;ROSA;64;0
150;MT;59005.0;E;;0;;2.39541;1.80658;0.15763;AMARELO;77;0
150;MT;59446.0;E;;0;;2.74718;1.93147;0.2437;CINZA;78;0
150;MT;59372.0;D;;0;;1.19749;1.86987;0.21683;AZUL;79;0
150;MT;58606.0;A;;0;;2.51733;1.46492;0.15018;ROSA;80;0
151;MT;60245.0;A;8.0;0;;2.06463;2.24084;0.2378;AMARELO;61;0
151;MT;60245.0;A;8.0;0;;2.06463;2.24084;0.2378;CINZA;62;0
151;MT;60246.0;D;22.0;0;;1.69347;1.67973;0.17628;AZUL;63;0
151;MT;60247.0;E;13.0;0;;3.56477;2.32056;0.09997;ROSA;64;0
151;MT;59446.0;E;;0;;2.74718;1.93147;0.2437;AMARELO;77;0
151;MT;59005.0;E;;0;;2.39541;1.80658;0.15763;CINZA;78;0
151;MT;58606.0;A;;0;;2.51733;1.46492;0.15018;AZUL;79;0
151;MT;59372.0;D;;0;;1.19749;1.86987;0.21683;ROSA;80;0
152;MT;60246.0;D;22.0;0;;1.69347;1.67973;0.17628;AMARELO;61;0
152;MT;60246.0;D;22.0;0;;1.69347;1.67973;0.17628;CINZA;62;0
152;MT;60247.0;E;13.0;0;;3.56477;2.32056;0.09997;AZUL;63;0
152;MT;60246.0;D;22.0;0;;1.69347;1.67973;0.17628;ROSA;64;0
152;MT;59462.0;E;;0;;2.03119;1.48612;0.1104;AMARELO;77;0
152;MT;59462.0;E;;0;;2.03119;1.48612;0.1104;CINZA;78;0
152;MT;59462.0;E;;0;;2.03119;1.48612;0.1104;AZUL;79;0
152;MT;59462.0;E;;0;;2.03119;1.48612;0.1104;ROSA;80;0
153;MT;60247.0;E;13.0;0;;3.56477;2.32056;0.09997;AMARELO;61;0
153;MT;60247.0;E;13.0;0;;3.56477;2.32056;0.09997;CINZA;62;0
153;MT;60245.0;A;8.0;0;;2.06463;2.24084;0.2378;AZUL;63;0
153;MT;60245.0;A;8.0;0;;2.06463;2.24084;0.2378;ROSA;64;0
153;MT;59423.0;E;;0;;1.517;1.89364;0.12183;AMARELO;77;0
153;MT;59423.0;E;;0;;1.517;1.89364;0.12183;CINZA;78;0
153;MT;59423.0;E;;0;;1.517;1.89364;0.12183;AZUL;79;0
153;MT;59423.0;E;;0;;1.517;1.89364;0.12183;ROSA;80;0
154;MT;58784.0;D;15.0;0;;2.9312;1.44841;0.17344;AMARELO;61;0
154;MT;58784.0;D;15.0;0;;2.9312;1.44841;0.17344;CINZA;62;0
154;MT;58784.0;D;15.0;0;;2.9312;1.44841;0.17344;AZUL;63;0
154;MT;58784.0;D;15.0;0;;2.9312;1.44841;0.17344;ROSA;64;0
154;MT;58804.0;B;;0;;2.0385;0.92259;0.23433;AMARELO;77;0
154;MT;58804.0;B;;0;;2.0385;0.92259;0.23433;CINZA;78;0
154;MT;58804.0;B;;0;;2.0385;0.92259;0.23433;AZUL;79;0
154;MT;58804.0;B;;0;;2.0385;0.92259;0.23433;ROSA;80;0
155;MT;60248.0;D;11.0;0;;0.79007;3.53111;0.19229;AMARELO;61;0
155;MT;60249.0;D;19.0;0;;2.9235;2.16387;0.21233;CINZA;62;0
155;MT;60249.0;D;19.0;0;;2.9235;2.16387;0.21233;AZUL;63;0
155;MT;60251.0;A;3.0;0;;2.53416;2.27137;0.18142;ROSA;64;0
155;MT;59365.0;D;;0;;2.17134;1.89544;0.15221;AMARELO;77;0
155;MT;59396.0;B;;0;;1.76157;2.03531;0.24031;CINZA;78;0
155;MT;59396.0;B;;0;;1.76157;2.03531;0.24031;AZUL;79;0
155;MT;59365.0;D;;0;;2.17134;1.89544;0.15221;ROSA;80;0
156;MT;60249.0;D;19.0;0;;2.9235;2.16387;0.21233;AMARELO;61;0
156;MT;60248.0;D;11.0;0;;0.79007;3.53111;0.19229;CINZA;62;0
156;MT;60251.0;A;3.0;0;;2.53416;2.27137;0.18142;AZUL;63;0
156;MT;60249.0;D;19.0;0;;2.9235;2.16387;0.21233;ROSA;64;0
156;MT;59396.0;B;;0;;1.76157;2.03531;0.24031;AMARELO;77;0
156;MT;59365.0;D;;0;;2.17134;1.89544;0.15221;CINZA;78;0
156;MT;59365.0;D;;0;;2.17134;1.89544;0.15221;AZUL;79;0
156;MT;59396.0;B;;0;;1.76157;2.03531;0.24031;ROSA;80;0
157;MT;60250.0;B;14.0;0;;2.69776;2.93505;0.15095;AMARELO;61;0
157;MT;60250.0;B;14.0;0;;2.69776;2.93505;0.15095;CINZA;62;0
157;MT;60250.0;B;14.0;0;;2.69776;2.93505;0.15095;AZUL;63;0
157;MT;60250.0;B;14.0;0;;2.69776;2.93505;0.15095;ROSA;64;0
157;MT;58618.0;E;;0;;2.75118;1.8344;0.148;AMARELO;77;0
157;MT;58618.0;E;;0;;2.75118;1.8344;0.148;CINZA;78;0
157;MT;58618.0;E;;0;;2.75118;1.8344;0.148;AZUL;79;0
157;MT;58618.0;E;;0;;2.75118;1.8344;0.148;ROSA;80;0
158;MT;60251.0;A;3.0;0;;2.53416;2.27137;0.18142;AMARELO;61;0
158;MT;60251.0;A;3.0;0;;2.53416;2.27137;0.18142;CINZA;62;0
158;MT;60248.0;D;11.0;0;;0.79007;3.53111;0.19229;AZUL;63;0
158;MT;60248.0;D;11.0;0;;0.79007;3.53111;0.19229;ROSA;64;0
158;MT;57717.0;B;;0;;2.08159;2.09571;0.14143;AMARELO;77;0
158;MT;57717.0;B;;0;;2.08159;2.09571;0.14143;CINZA;78;0
158;MT;57717.0;B;;0;;2.08159;2.09571;0.14143;AZUL;79;0
158;MT;57717.0;B;;0;;2.08159;2.09571;0.14143;ROSA;80;0
159;MT;58608.0;E;19.0;0;;3.09974;1.56133;0.10802;AMARELO;61;0
159;MT;58608.0;E;19.0;0;;3.09974;1.56133;0.10802;CINZA;62;0
159;MT;58608.0;E;19.0;0;;3.09974;1.56133;0.10802;AZUL;63;0
159;MT;58608.0;E;19.0;0;;3.09974;1.56133;0.10802;ROSA;64;0
159;MT;57736.0;E;;0;;2.22195;2.10108;0.11725;AMARELO;77;0
159;MT;59491.0;B;;0;;2.96596;2.25354;0.09561;CINZA;78;0
159;MT;59385.0;E;;0;;2.38094;2.35434;0.21459;AZUL;79;0
159;MT;59491.0;B;;0;;2.96596;2.25354;0.09561;ROSA;80;0
160;MT;60252.0;D;28.0;0;;1.98315;2.70571;0.21033;AMARELO;61;0
160;MT;60253.0;D;17.0;0;;1.25005;2.00509;0.17589;CINZA;62;0
160;MT;60253.0;D;17.0;0;;1.25005;2.00509;0.17589;AZUL;63;0
160;MT;60253.0;D;17.0;0;;1.25005;2.00509;0.17589;ROSA;64;0
160;MT;59491.0;B;;0;;2.96596;2.25354;0.09561;AMARELO;77;0
160;MT;57736.0;E;;0;;2.22195;2.10108;0.11725;CINZA;78;0
160;MT;59491.0;B;;0;;2.96596;2.25354;0.09561;AZUL;79;0
160;MT;59385.0;E;;0;;2.38094;2.35434;0.21459;ROSA;80;0
161;MT;60253.0;D;17.0;0;;1.25005;2.00509;0.17589;AMARELO;61;0
161;MT;60252.0;D;28.0;0;;1.98315;2.70571;0.21033;CINZA;62;0
161;MT;60252.0;D;28.0;0;;1.98315;2.70571;0.21033;AZUL;63;0
161;MT;60254.0;A;16.0;0;;2.32988;2.23435;0.20364;ROSA;64;0
161;MT;59385.0;E;;0;;2.38094;2.35434;0.21459;AMARELO;77;0
161;MT;59385.0;E;;0;;2.38094;2.35434;0.21459;CINZA;78;0
161;MT;57736.0;E;;0;;2.22195;2.10108;0.11725;AZUL;79;0
161;MT;57736.0;E;;0;;2.22195;2.10108;0.11725;ROSA;80;0
162;MT;60254.0;A;16.0;0;;2.32988;2.23435;0.20364;AMARELO;61;0
162;MT;60254.0;A;16.0;0;;2.32988;2.23435;0.20364;CINZA;62;0
162;MT;60254.0;A;16.0;0;;2.32988;2.23435;0.20364;AZUL;63;0
162;MT;60252.0;D;28.0;0;;1.98315;2.70571;0.21033;ROSA;64;0
162;MT;58787.0;E;;0;;1.2893;1.80096;0.10478;AMARELO;77;0
162;MT;58787.0;E;;0;;1.2893;1.80096;0.10478;CINZA;78;0
162;MT;58787.0;E;;0;;1.2893;1.80096;0.10478;AZUL;79;0
162;MT;58787.0;E;;0;;1.2893;1.80096;0.10478;ROSA;80;0
163;MT;60255.0;B;12.0;0;;2.62945;1.81383;0.20231;AMARELO;61;0
163;MT;60255.0;B;12.0;0;;2.62945;1.81383;0.20231;CINZA;62;0
163;MT;60255.0;B;12.0;0;;2.62945;1.81383;0.20231;AZUL;63;0
163;MT;60255.0;B;12.0;0;;2.62945;1.81383;0.20231;ROSA;64;0
163;MT;58334.0;A;;0;;2.10255;2.18126;0.14632;AMARELO;77;0
163;MT;58334.0;A;;0;;2.10255;2.18126;0.14632;CINZA;78;0
163;MT;58334.0;A;;0;;2.10255;2.18126;0.14632;AZUL;79;0
163;MT;58334.0;A;;0;;2.10255;2.18126;0.14632;ROSA;80;0
164;MT;58815.0;E;8.0;0;;1.69212;1.72672;0.15858;AMARELO;61;0
164;MT;58815.0;E;8.0;0;;1.69212;1.72672;0.15858;CINZA;62;0
164;MT;58815.0;E;8.0;0;;1.69212;1.72672;0.15858;AZUL;63;0
164;MT;58815.0;E;8.0;0;;1.69212;1.72672;0.15858;ROSA;64;0
164;MT;58621.0;D;;0;;2.21315;2.35027;0.20782;AMARELO;77;0
164;MT;57742.0;C;;0;;1.13695;2.25067;0.14845;CINZA;78;0
164;MT;58621.0;D;;0;;2.21315;2.35027;0.20782;AZUL;79;0
164;MT;58621.0;D;;0;;2.21315;2.35027;0.20782;ROSA;80;0
165;MT;60256.0;B;6.0;0;;1.07373;2.92781;0.21556;AMARELO;61;0
165;MT;60257.0;A;2.0;0;;1.98397;2.6823;0.19702;CINZA;62;0
165;MT;60257.0;A;2.0;0;;1.98397;2.6823;0.19702;AZUL;63;0
165;MT;60257.0;A;2.0;0;;1.98397;2.6823;0.19702;ROSA;64;0
165;MT;57742.0;C;;0;;1.13695;2.25067;0.14845;AMARELO;77;0
165;MT;58621.0;D;;0;;2.21315;2.35027;0.20782;CINZA;78;0
165;MT;57742.0;C;;0;;1.13695;2.25067;0.14845;AZUL;79;0
165;MT;57742.0;C;;0;;1.13695;2.25067;0.14845;ROSA;80;0
166;MT;60257.0;A;2.0;0;;1.98397;2.6823;0.19702;AMARELO;61;0
166;MT;60256.0;B;6.0;0;;1.07373;2.92781;0.21556;CINZA;62;0
166;MT;60256.0;B;6.0;0;;1.07373;2.92781;0.21556;AZUL;63;0
166;MT;60256.0;B;6.0;0;;1.07373;2.92781;0.21556;ROSA;64;0
166;MT;59358.0;C;;0;;1.47573;2.32977;0.1993;AMARELO;77;0
166;MT;59358.0;C;;0;;1.47573;2.32977;0.1993;CINZA;78;0
166;MT;59014.0;C;;0;;2.19295;2.05009;0.33483;AZUL;79;0
166;MT;59014.0;C;;0;;2.19295;2.05009;0.33483;ROSA;80;0
167;MT;60258.0;D;27.0;0;;2.69948;2.61663;0.21668;AMARELO;61;0
167;MT;60259.0;E;25.0;0;;4.03232;2.25593;0.08861;CINZA;62;0
167;MT;60259.0;E;25.0;0;;4.03232;2.25593;0.08861;AZUL;63;0
167;MT;60259.0;E;25.0;0;;4.03232;2.25593;0.08861;ROSA;64;0
167;MT;58985.0;C;;0;;3.3623;2.02695;0.1874;AMARELO;77;0
167;MT;58985.0;C;;0;;3.3623;2.02695;0.1874;CINZA;78;0
167;MT;58985.0;C;;0;;3.3623;2.02695;0.1874;AZUL;79;0
167;MT;58985.0;C;;0;;3.3623;2.02695;0.1874;ROSA;80;0
168;MT;60259.0;E;25.0;0;;4.03232;2.25593;0.08861;AMARELO;61;0
168;MT;60258.0;D;27.0;0;;2.69948;2.61663;0.21668;CINZA;62;0
168;MT;60258.0;D;27.0;0;;2.69948;2.61663;0.21668;AZUL;63;0
168;MT;60258.0;D;27.0;0;;2.69948;2.61663;0.21668;ROSA;64;0
168;MT;59014.0;C;;0;;2.19295;2.05009;0.33483;AMARELO;77;0
168;MT;58810.0;B;;0;;2.02128;2.33633;0.20112;CINZA;78;0
168;MT;59358.0;C;;0;;1.47573;2.32977;0.1993;AZUL;79;0
168;MT;58810.0;B;;0;;2.02128;2.33633;0.20112;ROSA;80;0
169;MT;59010.0;D;18.0;0;;1.96538;1.94141;0.18386;AMARELO;61;0
169;MT;59010.0;D;18.0;0;;1.96538;1.94141;0.18386;CINZA;62;0
169;MT;59010.0;D;18.0;0;;1.96538;1.94141;0.18386;AZUL;63;0
169;MT;59010.0;D;18.0;0;;1.96538;1.94141;0.18386;ROSA;64;0
169;MT;58810.0;B;;0;;2.02128;2.33633;0.20112;AMARELO;77;0
169;MT;59014.0;C;;0;;2.19295;2.05009;0.33483;CINZA;78;0
169;MT;58810.0;B;;0;;2.02128;2.33633;0.20112;AZUL;79;0
169;MT;59358.0;C;;0;;1.47573;2.32977;0.1993;ROSA;80;0
170;MT;60260.0;B;14.0;0;;3.68279;2.86692;0.22261;AMARELO;61;0
170;MT;60260.0;B;14.0;0;;3.68279;2.86692;0.22261;CINZA;62;0
170;MT;60263.0;E;4.0;0;;2.66774;2.75397;0.16322;AZUL;63;0
170;MT;60263.0;E;4.0;0;;2.66774;2.75397;0.16322;ROSA;64;0
170;MT;58798.0;B;;0;;1.77715;2.47776;0.12886;AMARELO;77;0
170;MT;59428.0;D;;0;;2.34628;2.38162;0.19099;CINZA;78;0
170;MT;59428.0;D;;0;;2.34628;2.38162;0.19099;AZUL;79;0
170;MT;59428.0;D;;0;;2.34628;2.38162;0.19099;ROSA;80;0
171;MT;60261.0;C;30.0;1;Não permitiu a convergência do algoritmo de estimação da TRI;;;;AMARELO;61;0
171;MT;60261.0;C;30.0;1;Não permitiu a convergência do algoritmo de estimação da TRI;;;;CINZA;62;0
171;MT;60261.0;C;30.0;1;Não permitiu a convergência do algoritmo de estimação da TRI;;;;AZUL;63;0
171;MT;60261.0;C;30.0;1;Não permitiu a convergência do algoritmo de estimação da TRI;;;;ROSA;64;0
171;MT;59428.0;D;;0;;2.34628;2.38162;0.19099;AMARELO;77;0
171;MT;58798.0;B;;0;;1.77715;2.47776;0.12886;CINZA;78;0
171;MT;58798.0;B;;0;;1.77715;2.47776;0.12886;AZUL;79;0
171;MT;58798.0;B;;0;;1.77715;2.47776;0.12886;ROSA;80;0
172;MT;60262.0;C;25.0;0;;1.05092;4.28177;0.21068;AMARELO;61;0
172;MT;60262.0;C;25.0;0;;1.05092;4.28177;0.21068;CINZA;62;0
172;MT;60262.0;C;25.0;0;;1.05092;4.28177;0.21068;AZUL;63;0
172;MT;60262.0;C;25.0;0;;1.05092;4.28177;0.21068;ROSA;64;0
172;MT;58786.0;E;;0;;2.65625;2.43809;0.16532;AMARELO;77;0
172;MT;58786.0;E;;0;;2.65625;2.43809;0.16532;CINZA;78;0
172;MT;58786.0;E;;0;;2.65625;2.43809;0.16532;AZUL;79;0
172;MT;58786.0;E;;0;;2.65625;2.43809;0.16532;ROSA;80;0
173;MT;60263.0;E;4.0;0;;2.66774;2.75397;0.16322;AMARELO;61;0
173;MT;60263.0;E;4.0;0;;2.66774;2.75397;0.16322;CINZA;62;0
173;MT;60260.0;B;14.0;0;;3.68279;2.86692;0.22261;AZUL;63;0
173;MT;60260.0;B;14.0;0;;3.68279;2.86692;0.22261;ROSA;64;0
173;MT;59405.0;D;;0;;1.54998;2.62826;0.13193;AMARELO;77;0
173;MT;59405.0;D;;0;;1.54998;2.62826;0.13193;CINZA;78;0
173;MT;59436.0;D;;0;;1.15444;2.77865;0.15012;AZUL;79;0
173;MT;59436.0;D;;0;;1.15444;2.77865;0.15012;ROSA;80;0
174;MT;58675.0;B;19.0;0;;3.12337;3.16783;0.27419;AMARELO;61;0
174;MT;58675.0;B;19.0;0;;3.12337;3.16783;0.27419;CINZA;62;0
174;MT;58675.0;B;19.0;0;;3.12337;3.16783;0.27419;AZUL;63;0
174;MT;58675.0;B;19.0;0;;3.12337;3.16783;0.27419;ROSA;64;0
174;MT;59359.0;D;;0;;2.60523;2.63027;0.11534;AMARELO;77;0
174;MT;59436.0;D;;0;;1.15444;2.77865;0.15012;CINZA;78;0
174;MT;59405.0;D;;0;;1.54998;2.62826;0.13193;AZUL;79;0
174;MT;59359.0;D;;0;;2.60523;2.63027;0.11534;ROSA;80;0
175;MT;60244.0;B;4.0;0;;1.83932;2.82176;0.21303;AMARELO;61;0
175;MT;60244.0;B;4.0;0;;1.83932;2.82176;0.21303;CINZA;62;0
175;MT;60242.0;C;21.0;0;;2.83725;3.26771;0.21224;AZUL;63;0
175;MT;60240.0;E;5.0;0;;1.48477;4.00415;0.13999;ROSA;64;0
175;MT;59436.0;D;;0;;1.15444;2.77865;0.15012;AMARELO;77;0
175;MT;59359.0;D;;0;;2.60523;2.63027;0.11534;CINZA;78;0
175;MT;59359.0;D;;0;;2.60523;2.63027;0.11534;AZUL;79;0
175;MT;59405.0;D;;0;;1.54998;2.62826;0.13193;ROSA;80;0
176;MT;60242.0;C;21.0;0;;2.83725;3.26771;0.21224;AMARELO;61;0
176;MT;60242.0;C;21.0;0;;2.83725;3.26771;0.21224;CINZA;62;0
176;MT;60244.0;B;4.0;0;;1.83932;2.82176;0.21303;AZUL;63;0
176;MT;60244.0;B;4.0;0;;1.83932;2.82176;0.21303;ROSA;64;0
176;MT;59377.0;D;;0;;1.13373;3.27284;0.10427;AMARELO;77;0
176;MT;59377.0;D;;0;;1.13373;3.27284;0.10427;CINZA;78;0
176;MT;59377.0;D;;0;;1.13373;3.27284;0.10427;AZUL;79;0
176;MT;58974.0;E;;0;;0.90268;3.1695;0.18234;ROSA;80;0
177;MT;60240.0;E;5.0;0;;1.48477;4.00415;0.13999;AMARELO;61;0
177;MT;60238.0;C;9.0;0;;1.95278;2.71524;0.21173;CINZA;62;0
177;MT;60238.0;C;9.0;0;;1.95278;2.71524;0.21173;AZUL;63;0
177;MT;60238.0;C;9.0;0;;1.95278;2.71524;0.21173;ROSA;64;0
177;MT;59424.0;E;;0;;1.21331;2.47405;0.14271;AMARELO;77;0
177;MT;59424.0;E;;0;;1.21331;2.47405;0.14271;CINZA;78;0
177;MT;59424.0;E;;0;;1.21331;2.47405;0.14271;AZUL;79;0
177;MT;59424.0;E;;0;;1.21331;2.47405;0.14271;ROSA;80;0
178;MT;60238.0;C;9.0;0;;1.95278;2.71524;0.21173;AMARELO;61;0
178;MT;60240.0;E;5.0;0;;1.48477;4.00415;0.13999;CINZA;62;0
178;MT;60240.0;E;5.0;0;;1.48477;4.00415;0.13999;AZUL;63;0
178;MT;60242.0;C;21.0;0;;2.83725;3.26771;0.21224;ROSA;64;0
178;MT;58974.0;E;;0;;0.90268;3.1695;0.18234;AMARELO;77;0
178;MT;59388.0;C;;0;;1.71404;3.26465;0.19063;CINZA;78;0
178;MT;58351.0;A;;0;;2.20914;3.02862;0.14764;AZUL;79;0
178;MT;58351.0;A;;0;;2.20914;3.02862;0.14764;ROSA;80;0
179;MT;60236.0;B;30.0;1;Não permitiu a convergência do algoritmo de estimação da TRI;;;;AMARELO;61;0
179;MT;60236.0;B;30.0;1;Não permitiu a convergência do algoritmo de estimação da TRI;;;;CINZA;62;0
179;MT;60234.0;B;13.0;0;;3.09626;2.8116;0.2272;AZUL;63;0
179;MT;60234.0;B;13.0;0;;3.09626;2.8116;0.2272;ROSA;64;0
179;MT;58351.0;A;;0;;2.20914;3.02862;0.14764;AMARELO;77;0
179;MT;58974.0;E;;0;;0.90268;3.1695;0.18234;CINZA;78;0
179;MT;59388.0;C;;0;;1.71404;3.26465;0.19063;AZUL;79;0
179;MT;59388.0;C;;0;;1.71404;3.26465;0.19063;ROSA;80;0
180;MT;60234.0;B;13.0;0;;3.09626;2.8116;0.2272;AMARELO;61;0
180;MT;60234.0;B;13.0;0;;3.09626;2.8116;0.2272;CINZA;62;0
180;MT;60236.0;B;30.0;1;Não permitiu a convergência do algoritmo de estimação da TRI;;;;AZUL;63;0
180;MT;60236.0;B;30.0;1;Não permitiu a convergência do algoritmo de estimação da TRI;;;;ROSA;64;0
180;MT;59388.0;C;;0;;1.71404;3.26465;0.19063;AMARELO;77;0
180;MT;58351.0;A;;0;;2.20914;3.02862;0.14764;CINZA;78;0
180;MT;58974.0;E;;0;;0.90268;3.1695;0.18234;AZUL;79;0
180;MT;59377.0;D;;0;;1.13373;3.27284;0.10427;ROSA;80;0
